NPC識別碼,NPC名稱,所屬地圖識別碼,類型,屬性,外觀,移動速度(米/秒),攻擊速度(次/秒),攻擊距離(米),魔法型（1是／0否）,出現權重,技能,技能特效,備註
desert_1,史萊姆,desert,normal,earth,🟢,12,0.75,24,1,10,,,普通攻擊，沒有特殊技能。
desert_1,史萊姆,desert,elite,earth,🟢,12,0.75,24,1,10,plaguecloud;regen,瘟疫毒雲：mark-red、ground-mire-venom；再生：burst-holy,瘟疫毒雲：在你腳下釋放長時間的毒霧，站在裡面會持續受傷並中毒。；再生：持續回復自身生命，不盡快擊殺就會越打越久。
desert_1,史萊姆,desert,boss,earth,🟢,12,0.75,24,1,10,,,尚未設計專屬技能（此欄填了也不會生效）。
desert_2,哥布林,desert,normal,fire,👺,12,1,6,0,1,,,普通攻擊，沒有特殊技能。
desert_2,哥布林,desert,elite,fire,👺,12,1,6,0,1,fireball;enrage,烈焰火球：proj-fireball、hit-fire、burst-fire；狂暴：burst-blood,烈焰火球：丟出一顆巨大的火球，落地炸開並點燃目標。；狂暴：生命降到一定比例時進入狂暴，攻擊力與攻擊速度大幅提升。
desert_2,哥布林,desert,boss,fire,👺,12,1,6,0,1,,,尚未設計專屬技能（此欄填了也不會生效）。
desert_3,野狼,desert,normal,earth,🐺,24,1.5,6,1,1,,,普通攻擊，沒有特殊技能。
desert_3,野狼,desert,elite,earth,🐺,24,1.5,6,1,1,charge;haste,野蠻衝鋒：mark-red、slash-phys-big、burst-detonate-phys；迅捷：,野蠻衝鋒：先在你身上標出紅圈，隨後高速衝撞過來，撞上會被擊退並短暫暈眩。；迅捷：攻擊速度與移動速度大幅提高。
desert_3,野狼,desert,boss,earth,🐺,24,1.5,6,1,1,,,尚未設計專屬技能（此欄填了也不會生效）。
desert_4,骷髏兵,desert,normal,earth,💀,6,1,6,0,1,,,普通攻擊，沒有特殊技能。
desert_4,骷髏兵,desert,elite,earth,💀,6,1,6,0,1,bloodsac;splitter,血祭：burst-blood；分裂：burst-zero-infection,血祭：獻祭身邊一名同伴，自己回復生命並提高攻擊力。；分裂：死亡時分裂成數隻較弱的分身。
desert_4,骷髏兵,desert,boss,earth,💀,6,1,6,0,1,,,尚未設計專屬技能（此欄填了也不會生效）。
desert_5,暗影蝠,desert,normal,fire,🦇,18,1,24,1,1,,,普通攻擊，沒有特殊技能。
desert_5,暗影蝠,desert,elite,fire,🦇,18,1,24,1,1,blink;vampiric,瞬影突襲：mark-red、burst-detonate-dark；嗜血：proj-bloodrage-drain,瞬影突襲：消失後瞬間出現在你身旁，並在落點炸出暗影衝擊。；嗜血：每次擊中你都會把造成傷害的一部分吸成自己的生命。
desert_5,暗影蝠,desert,boss,fire,🦇,18,1,24,1,1,,,尚未設計專屬技能（此欄填了也不會生效）。
desert_6,樹妖,desert,normal,earth,🌳,12,0.75,6,0,1,,,普通攻擊，沒有特殊技能。
desert_6,樹妖,desert,elite,earth,🌳,12,0.75,6,0,1,thorns;regen,荊棘：hit-phys；再生：burst-holy,荊棘：你打到它時會受到一部分反震傷害。；再生：持續回復自身生命，不盡快擊殺就會越打越久。
desert_6,樹妖,desert,boss,earth,🌳,12,0.75,6,0,1,,,尚未設計專屬技能（此欄填了也不會生效）。
desert_7,蜥蜴戰士,desert,normal,fire,🦎,12,1,6,1,10,,,普通攻擊，沒有特殊技能。
desert_7,蜥蜴戰士,desert,elite,fire,🦎,12,1,6,1,10,moltenblast;whirlwind,熔岩爆裂：ground-domain-fire、burst-fire-shockwave；旋風斬：mark-red、slash-wind-spin,熔岩爆裂：鎖定你腳下的位置，火紅魔法陣亮起後爆發烈焰；離開圈外即可躲開。；旋風斬：原地高速旋轉連斬數次，身邊一圈都在攻擊範圍內。
desert_7,蜥蜴戰士,desert,boss,fire,🦎,12,1,6,1,10,,,尚未設計專屬技能（此欄填了也不會生效）。
desert_8,半獸人,desert,normal,earth,🐗,24,1.5,6,0,1,,,普通攻擊，沒有特殊技能。
desert_8,半獸人,desert,elite,earth,🐗,24,1.5,6,0,1,charge;enrage,野蠻衝鋒：mark-red、slash-phys-big、burst-detonate-phys；狂暴：burst-blood,野蠻衝鋒：先在你身上標出紅圈，隨後高速衝撞過來，撞上會被擊退並短暫暈眩。；狂暴：生命降到一定比例時進入狂暴，攻擊力與攻擊速度大幅提升。
desert_8,半獸人,desert,boss,earth,🐗,24,1.5,6,0,1,,,尚未設計專屬技能（此欄填了也不會生效）。
desert_9,幽靈,desert,normal,fire,👻,6,0.75,24,1,1,,,普通攻擊，沒有特殊技能。
desert_9,幽靈,desert,elite,fire,👻,6,0.75,24,1,1,darkorbs;curse,暗影彈幕：proj-dark-orb、hit-dark；衰弱詛咒：curse-dark,暗影彈幕：連續射出數顆暗影彈，逐發追向你。；衰弱詛咒：詛咒你，使你的攻擊力與防禦力降低一段時間。
desert_9,幽靈,desert,boss,fire,👻,6,0.75,24,1,1,,,尚未設計專屬技能（此欄填了也不會生效）。
desert_10,石像鬼,desert,normal,earth,🗿,18,1,6,0,1,,,普通攻擊，沒有特殊技能。
desert_10,石像鬼,desert,elite,earth,🗿,18,1,6,0,1,quake;thorns,地裂震擊：ground-domain-earth、burst-earth、burst-rock-petrify；荊棘：hit-phys,地裂震擊：重擊大地，以自身為中心震裂出大範圍衝擊，被波及者會被震暈。；荊棘：你打到它時會受到一部分反震傷害。
desert_10,石像鬼,desert,boss,earth,🗿,18,1,6,0,1,,,尚未設計專屬技能（此欄填了也不會生效）。
desert_11,牛頭人,desert,normal,fire,🐂,12,1.5,6,1,1,,,普通攻擊，沒有特殊技能。
desert_11,牛頭人,desert,elite,fire,🐂,12,1.5,6,1,1,charge;quake;enrage,野蠻衝鋒：mark-red、slash-phys-big、burst-detonate-phys；地裂震擊：ground-domain-earth、burst-earth、burst-rock-petrify；狂暴：burst-blood,野蠻衝鋒：先在你身上標出紅圈，隨後高速衝撞過來，撞上會被擊退並短暫暈眩。；地裂震擊：重擊大地，以自身為中心震裂出大範圍衝擊，被波及者會被震暈。；狂暴：生命降到一定比例時進入狂暴，攻擊力與攻擊速度大幅提升。
desert_11,牛頭人,desert,boss,fire,🐂,12,1.5,6,1,1,,,尚未設計專屬技能（此欄填了也不會生效）。
desert_12,雙足飛龍,desert,normal,fire,🐉,12,1,36,0,1,,,普通攻擊，沒有特殊技能。
desert_12,雙足飛龍,desert,elite,fire,🐉,12,1,36,0,1,fireball;meteor,烈焰火球：proj-fireball、hit-fire、burst-fire；隕石雨：mark-red、proj-meteor-small、burst-fire-shockwave-small,烈焰火球：丟出一顆巨大的火球，落地炸開並點燃目標。；隕石雨：在你身邊降下數顆隕石，落點先出現紅圈預警，倒數結束後爆炸並使你燃燒。
desert_12,雙足飛龍,desert,boss,fire,🐉,12,1,36,0,1,,,尚未設計專屬技能（此欄填了也不會生效）。
Icefield_1,寒霜狼,Icefield,normal,lightning,🐺,24,1,24,1,10,,,普通攻擊，沒有特殊技能。
Icefield_1,寒霜狼,Icefield,elite,lightning,🐺,24,1,24,1,10,iceshards;haste,冰錐齊射：proj-ice-shard、hit-ice；迅捷：,冰錐齊射：一口氣射出大量冰錐，命中使你減速。；迅捷：攻擊速度與移動速度大幅提高。
Icefield_1,寒霜狼,Icefield,boss,lightning,🐺,24,1,24,1,10,,,尚未設計專屬技能（此欄填了也不會生效）。
Icefield_2,雪原巨熊,Icefield,normal,ice,🐻‍❄️,6,0.75,6,0,1,,,普通攻擊，沒有特殊技能。
Icefield_2,雪原巨熊,Icefield,elite,ice,🐻‍❄️,6,0.75,6,0,1,frostnova;giant,冰霜新星：ground-domain-ice、burst-frost-nova；巨像：,冰霜新星：以自身為中心展開冰藍魔法陣，倒數結束後釋放寒冰新星，傷害並使你減速。；巨像：體型與生命大幅提升，並額外減少受到的傷害。
Icefield_2,雪原巨熊,Icefield,boss,ice,🐻‍❄️,6,0.75,6,0,1,,,尚未設計專屬技能（此欄填了也不會生效）。
Icefield_3,冰原史萊姆,Icefield,normal,ice,🧊,18,1,24,1,1,,,普通攻擊，沒有特殊技能。
Icefield_3,冰原史萊姆,Icefield,elite,ice,🧊,18,1,24,1,1,blizzard;splitter,暴風雪：mark-blue、ground-blizzard；分裂：burst-zero-infection,暴風雪：召來一片暴風雪籠罩你的位置，區域內持續受到寒冰傷害並被減速。；分裂：死亡時分裂成數隻較弱的分身。
Icefield_3,冰原史萊姆,Icefield,boss,ice,🧊,18,1,24,1,1,,,尚未設計專屬技能（此欄填了也不會生效）。
Icefield_4,雷電魔像,Icefield,normal,lightning,🗿,12,1.5,6,0,1,,,普通攻擊，沒有特殊技能。
Icefield_4,雷電魔像,Icefield,elite,lightning,🗿,12,1.5,6,0,1,thunderorb;shield,雷光球：ground-thunder-orb；魔法護盾：burst-holy,雷光球：釋放一顆追著你跑的雷光球，靠近就會被電擊並麻痺。；魔法護盾：為自己展開一層護盾（最大生命的一部分），先打破護盾才能傷到本體。
Icefield_4,雷電魔像,Icefield,boss,lightning,🗿,12,1.5,6,0,1,,,尚未設計專屬技能（此欄填了也不會生效）。
Icefield_5,雪怪,Icefield,normal,ice,🦍,12,0.75,6,1,10,,,普通攻擊，沒有特殊技能。
Icefield_5,雪怪,Icefield,elite,ice,🦍,12,0.75,6,1,10,knockback;frostnova,擊飛：burst-wind；冰霜新星：ground-domain-ice、burst-frost-nova,擊飛：普通攻擊有機會把你擊退一段距離並使你踉蹌。；冰霜新星：以自身為中心展開冰藍魔法陣，倒數結束後釋放寒冰新星，傷害並使你減速。
Icefield_5,雪怪,Icefield,boss,ice,🦍,12,0.75,6,1,10,,,尚未設計專屬技能（此欄填了也不會生效）。
Icefield_6,冰墓幽靈,Icefield,normal,ice,👻,24,1,36,0,1,,,普通攻擊，沒有特殊技能。
Icefield_6,冰墓幽靈,Icefield,elite,ice,👻,24,1,36,0,1,darkzone;curse,褻瀆領域：mark-red、ground-mire-magma-10；衰弱詛咒：curse-dark,褻瀆領域：在你腳下鋪開暗影領域，持續吞噬站在其中的生命。；衰弱詛咒：詛咒你，使你的攻擊力與防禦力降低一段時間。
Icefield_6,冰墓幽靈,Icefield,boss,ice,👻,24,1,36,0,1,,,尚未設計專屬技能（此欄填了也不會生效）。
Icefield_7,女妖,Icefield,normal,ice,🧝‍♀️,6,1.5,24,1,1,,,普通攻擊，沒有特殊技能。
Icefield_7,女妖,Icefield,elite,ice,🧝‍♀️,6,1.5,24,1,1,curse;iceshards,衰弱詛咒：curse-dark；冰錐齊射：proj-ice-shard、hit-ice,衰弱詛咒：詛咒你，使你的攻擊力與防禦力降低一段時間。；冰錐齊射：一口氣射出大量冰錐，命中使你減速。
Icefield_7,女妖,Icefield,boss,ice,🧝‍♀️,6,1.5,24,1,1,,,尚未設計專屬技能（此欄填了也不會生效）。
Icefield_8,幽魂,Icefield,normal,lightning,🌫️,18,1,6,0,1,,,普通攻擊，沒有特殊技能。
Icefield_8,幽魂,Icefield,elite,lightning,🌫️,18,1,6,0,1,lightningspear;blink,閃電矛：proj-lightning、hit-lightning；瞬影突襲：mark-red、burst-detonate-dark,閃電矛：射出疾速的閃電矛，命中有機會麻痺。；瞬影突襲：消失後瞬間出現在你身旁，並在落點炸出暗影衝擊。
Icefield_8,幽魂,Icefield,boss,lightning,🌫️,18,1,6,0,1,,,尚未設計專屬技能（此欄填了也不會生效）。
Icefield_9,寒冰魔像,Icefield,normal,ice,❄️,12,1,6,1,1,,,普通攻擊，沒有特殊技能。
Icefield_9,寒冰魔像,Icefield,elite,ice,❄️,12,1,6,1,1,shield;frostnova,魔法護盾：burst-holy；冰霜新星：ground-domain-ice、burst-frost-nova,魔法護盾：為自己展開一層護盾（最大生命的一部分），先打破護盾才能傷到本體。；冰霜新星：以自身為中心展開冰藍魔法陣，倒數結束後釋放寒冰新星，傷害並使你減速。
Icefield_9,寒冰魔像,Icefield,boss,ice,❄️,12,1,6,1,1,,,尚未設計專屬技能（此欄填了也不會生效）。
Icefield_10,冰晶元素,Icefield,normal,ice,💠,12,0.75,24,0,1,,,普通攻擊，沒有特殊技能。
Icefield_10,冰晶元素,Icefield,elite,ice,💠,12,0.75,24,0,1,iceshards;reflectshield,冰錐齊射：proj-ice-shard、hit-ice；反射護罩：burst-detonate-phys,冰錐齊射：一口氣射出大量冰錐，命中使你減速。；反射護罩：短時間內將受到傷害的一部分反彈給你，罩子亮起時別硬打。
Icefield_10,冰晶元素,Icefield,boss,ice,💠,12,0.75,24,0,1,,,尚未設計專屬技能（此欄填了也不會生效）。
Icefield_11,骷髏弓箭手,Icefield,normal,lightning,🏹,24,1,24,1,1,,,普通攻擊，沒有特殊技能。
Icefield_11,骷髏弓箭手,Icefield,elite,lightning,🏹,24,1,24,1,1,iceshards;haste,冰錐齊射：proj-ice-shard、hit-ice；迅捷：,冰錐齊射：一口氣射出大量冰錐，命中使你減速。；迅捷：攻擊速度與移動速度大幅提高。
Icefield_11,骷髏弓箭手,Icefield,boss,lightning,🏹,24,1,24,1,1,,,尚未設計專屬技能（此欄填了也不會生效）。
Icefield_12,寒冰龍王,Icefield,normal,ice,🐉,6,1.5,6,0,1,,,普通攻擊，沒有特殊技能。
Icefield_12,寒冰龍王,Icefield,elite,ice,🐉,6,1.5,6,0,1,blizzard;fireball;giant,暴風雪：mark-blue、ground-blizzard；烈焰火球：proj-fireball、hit-fire、burst-fire；巨像：,暴風雪：召來一片暴風雪籠罩你的位置，區域內持續受到寒冰傷害並被減速。；烈焰火球：丟出一顆巨大的火球，落地炸開並點燃目標。；巨像：體型與生命大幅提升，並額外減少受到的傷害。
Icefield_12,寒冰龍王,Icefield,boss,ice,🐉,6,1.5,6,0,1,,,尚未設計專屬技能（此欄填了也不會生效）。
swamp_1,劇毒蛙,swamp,normal,poison,🐸,18,0.75,24,1,10,,,普通攻擊，沒有特殊技能。
swamp_1,劇毒蛙,swamp,elite,poison,🐸,18,0.75,24,1,10,poisonspit;haste,劇毒吐息：proj-poison-drop、hit-poison；迅捷：,劇毒吐息：吐出數團毒液，命中的目標會中毒。；迅捷：攻擊速度與移動速度大幅提高。
swamp_1,劇毒蛙,swamp,boss,poison,🐸,18,0.75,24,1,10,,,尚未設計專屬技能（此欄填了也不會生效）。
swamp_2,沼澤鱷,swamp,normal,dark,🐊,12,1,6,0,10,,,普通攻擊，沒有特殊技能。
swamp_2,沼澤鱷,swamp,elite,dark,🐊,12,1,6,0,10,charge;vampiric,野蠻衝鋒：mark-red、slash-phys-big、burst-detonate-phys；嗜血：proj-bloodrage-drain,野蠻衝鋒：先在你身上標出紅圈，隨後高速衝撞過來，撞上會被擊退並短暫暈眩。；嗜血：每次擊中你都會把造成傷害的一部分吸成自己的生命。
swamp_2,沼澤鱷,swamp,boss,dark,🐊,12,1,6,0,10,,,尚未設計專屬技能（此欄填了也不會生效）。
swamp_3,巨型水蛭,swamp,normal,dark,🪱,12,1.5,24,1,1,,,普通攻擊，沒有特殊技能。
swamp_3,巨型水蛭,swamp,elite,dark,🪱,12,1.5,24,1,1,vampiric;lifelink,嗜血：proj-bloodrage-drain；生命鏈結：,嗜血：每次擊中你都會把造成傷害的一部分吸成自己的生命。；生命鏈結：與群體中其他有鏈結的成員分攤傷害，只打一隻很難打死，要集火或打斷鏈結。
swamp_3,巨型水蛭,swamp,boss,dark,🪱,12,1.5,24,1,1,,,尚未設計專屬技能（此欄填了也不會生效）。
swamp_4,瘴氣幽魂,swamp,normal,poison,👻,24,1,6,0,1,,,普通攻擊，沒有特殊技能。
swamp_4,瘴氣幽魂,swamp,elite,poison,👻,24,1,6,0,1,plaguecloud;curse,瘟疫毒雲：mark-red、ground-mire-venom；衰弱詛咒：curse-dark,瘟疫毒雲：在你腳下釋放長時間的毒霧，站在裡面會持續受傷並中毒。；衰弱詛咒：詛咒你，使你的攻擊力與防禦力降低一段時間。
swamp_4,瘴氣幽魂,swamp,boss,poison,👻,24,1,6,0,1,,,尚未設計專屬技能（此欄填了也不會生效）。
swamp_5,食人花,swamp,normal,poison,🌺,6,1,36,1,1,,,普通攻擊，沒有特殊技能。
swamp_5,食人花,swamp,elite,poison,🌺,6,1,36,1,1,poisonspit;regen,劇毒吐息：proj-poison-drop、hit-poison；再生：burst-holy,劇毒吐息：吐出數團毒液，命中的目標會中毒。；再生：持續回復自身生命，不盡快擊殺就會越打越久。
swamp_5,食人花,swamp,boss,poison,🌺,6,1,36,1,1,,,尚未設計專屬技能（此欄填了也不會生效）。
swamp_6,泥漿怪,swamp,normal,dark,🫠,18,0.75,24,0,1,,,普通攻擊，沒有特殊技能。
swamp_6,泥漿怪,swamp,elite,dark,🫠,18,0.75,24,0,1,splitter;moltenpool,分裂：burst-zero-infection；熔岩足跡：ground-mire-lava,分裂：死亡時分裂成數隻較弱的分身。；熔岩足跡：走過的地方會留下熔岩池，持續灼燒踩在上面的人。
swamp_6,泥漿怪,swamp,boss,dark,🫠,18,0.75,24,0,1,,,尚未設計專屬技能（此欄填了也不會生效）。
swamp_7,毒蚊群,swamp,normal,poison,🦟,12,1,6,1,1,,,普通攻擊，沒有特殊技能。
swamp_7,毒蚊群,swamp,elite,poison,🦟,12,1,6,1,1,poisonspit;haste,劇毒吐息：proj-poison-drop、hit-poison；迅捷：,劇毒吐息：吐出數團毒液，命中的目標會中毒。；迅捷：攻擊速度與移動速度大幅提高。
swamp_7,毒蚊群,swamp,boss,poison,🦟,12,1,6,1,1,,,尚未設計專屬技能（此欄填了也不會生效）。
swamp_8,沼澤巫婆,swamp,normal,dark,🧙,12,1.5,24,0,1,,,普通攻擊，沒有特殊技能。
swamp_8,沼澤巫婆,swamp,elite,dark,🧙,12,1.5,24,0,1,summoner;curse,召喚師：burst-detonate-dark；衰弱詛咒：curse-dark,召喚師：召喚小兵協助戰鬥，數量有上限。；衰弱詛咒：詛咒你，使你的攻擊力與防禦力降低一段時間。
swamp_8,沼澤巫婆,swamp,boss,dark,🧙,12,1.5,24,0,1,,,尚未設計專屬技能（此欄填了也不會生效）。
swamp_9,腐爛樹人,swamp,normal,poison,🌳,24,0.75,6,1,1,,,普通攻擊，沒有特殊技能。
swamp_9,腐爛樹人,swamp,elite,poison,🌳,24,0.75,6,1,1,thorns;plaguecloud,荊棘：hit-phys；瘟疫毒雲：mark-red、ground-mire-venom,荊棘：你打到它時會受到一部分反震傷害。；瘟疫毒雲：在你腳下釋放長時間的毒霧，站在裡面會持續受傷並中毒。
swamp_9,腐爛樹人,swamp,boss,poison,🌳,24,0.75,6,1,1,,,尚未設計專屬技能（此欄填了也不會生效）。
swamp_10,蜥蜴薩滿,swamp,normal,dark,🦎,6,1,24,0,1,,,普通攻擊，沒有特殊技能。
swamp_10,蜥蜴薩滿,swamp,elite,dark,🦎,6,1,24,0,1,summoner;heal,召喚師：burst-detonate-dark；神聖治癒：pillar-light,召喚師：召喚小兵協助戰鬥，數量有上限。；神聖治癒：呼喚光柱治療整個群體（包含自己）一部分生命。
swamp_10,蜥蜴薩滿,swamp,boss,dark,🦎,6,1,24,0,1,,,尚未設計專屬技能（此欄填了也不會生效）。
swamp_11,深沼水蛇,swamp,normal,poison,🐍,18,1.5,36,1,1,,,普通攻擊，沒有特殊技能。
swamp_11,深沼水蛇,swamp,elite,poison,🐍,18,1.5,36,1,1,poisonspit;whirlwind,劇毒吐息：proj-poison-drop、hit-poison；旋風斬：mark-red、slash-wind-spin,劇毒吐息：吐出數團毒液，命中的目標會中毒。；旋風斬：原地高速旋轉連斬數次，身邊一圈都在攻擊範圍內。
swamp_11,深沼水蛇,swamp,boss,poison,🐍,18,1.5,36,1,1,,,尚未設計專屬技能（此欄填了也不會生效）。
swamp_12,沼澤霸主,swamp,normal,dark,🐲,12,1,24,0,1,,,普通攻擊，沒有特殊技能。
swamp_12,沼澤霸主,swamp,elite,dark,🐲,12,1,24,0,1,plaguecloud;summoner;giant,瘟疫毒雲：mark-red、ground-mire-venom；召喚師：burst-detonate-dark；巨像：,瘟疫毒雲：在你腳下釋放長時間的毒霧，站在裡面會持續受傷並中毒。；召喚師：召喚小兵協助戰鬥，數量有上限。；巨像：體型與生命大幅提升，並額外減少受到的傷害。
swamp_12,沼澤霸主,swamp,boss,dark,🐲,12,1,24,0,1,,,尚未設計專屬技能（此欄填了也不會生效）。
undead_1,骸骨戰士,undead_mountains,normal,dark,skeleton,12,1,6,1,10,,,普通攻擊，沒有特殊技能。
undead_1,骸骨戰士,undead_mountains,elite,dark,skeleton,12,1,6,1,10,bloodsac;whirlwind,血祭：burst-blood；旋風斬：mark-red、slash-wind-spin,血祭：獻祭身邊一名同伴，自己回復生命並提高攻擊力。；旋風斬：原地高速旋轉連斬數次，身邊一圈都在攻擊範圍內。
undead_1,骸骨戰士,undead_mountains,boss,dark,skeleton,12,1,6,1,10,,,尚未設計專屬技能（此欄填了也不會生效）。
undead_2,山脈怨靈,undead_mountains,normal,dark,wraith,24,0.75,24,0,1,,,普通攻擊，沒有特殊技能。
undead_2,山脈怨靈,undead_mountains,elite,dark,wraith,24,0.75,24,0,1,darkorbs;blink,暗影彈幕：proj-dark-orb、hit-dark；瞬影突襲：mark-red、burst-detonate-dark,暗影彈幕：連續射出數顆暗影彈，逐發追向你。；瞬影突襲：消失後瞬間出現在你身旁，並在落點炸出暗影衝擊。
undead_2,山脈怨靈,undead_mountains,boss,dark,wraith,24,0.75,24,0,1,,,尚未設計專屬技能（此欄填了也不會生效）。
undead_3,腐屍獵犬,undead_mountains,normal,poison,ghoul,6,1,6,1,10,,,普通攻擊，沒有特殊技能。
undead_3,腐屍獵犬,undead_mountains,elite,poison,ghoul,6,1,6,1,10,charge;vampiric,野蠻衝鋒：mark-red、slash-phys-big、burst-detonate-phys；嗜血：proj-bloodrage-drain,野蠻衝鋒：先在你身上標出紅圈，隨後高速衝撞過來，撞上會被擊退並短暫暈眩。；嗜血：每次擊中你都會把造成傷害的一部分吸成自己的生命。
undead_3,腐屍獵犬,undead_mountains,boss,poison,ghoul,6,1,6,1,10,,,尚未設計專屬技能（此欄填了也不會生效）。
undead_4,亡靈騎士,undead_mountains,normal,dark,knight,18,1.5,6,0,1,,,普通攻擊，沒有特殊技能。
undead_4,亡靈騎士,undead_mountains,elite,dark,knight,18,1.5,6,0,1,charge;shield,野蠻衝鋒：mark-red、slash-phys-big、burst-detonate-phys；魔法護盾：burst-holy,野蠻衝鋒：先在你身上標出紅圈，隨後高速衝撞過來，撞上會被擊退並短暫暈眩。；魔法護盾：為自己展開一層護盾（最大生命的一部分），先打破護盾才能傷到本體。
undead_4,亡靈騎士,undead_mountains,boss,dark,knight,18,1.5,6,0,1,,,尚未設計專屬技能（此欄填了也不會生效）。
undead_5,哀嚎女妖,undead_mountains,normal,dark,banshee,12,0.75,24,1,1,,,普通攻擊，沒有特殊技能。
undead_5,哀嚎女妖,undead_mountains,elite,dark,banshee,12,0.75,24,1,1,curse;darkzone,衰弱詛咒：curse-dark；褻瀆領域：mark-red、ground-mire-magma-10,衰弱詛咒：詛咒你，使你的攻擊力與防禦力降低一段時間。；褻瀆領域：在你腳下鋪開暗影領域，持續吞噬站在其中的生命。
undead_5,哀嚎女妖,undead_mountains,boss,dark,banshee,12,0.75,24,1,1,,,尚未設計專屬技能（此欄填了也不會生效）。
undead_6,墓石巨像,undead_mountains,normal,dark,golem,12,1,6,0,1,,,普通攻擊，沒有特殊技能。
undead_6,墓石巨像,undead_mountains,elite,dark,golem,12,1,6,0,1,quake;giant,地裂震擊：ground-domain-earth、burst-earth、burst-rock-petrify；巨像：,地裂震擊：重擊大地，以自身為中心震裂出大範圍衝擊，被波及者會被震暈。；巨像：體型與生命大幅提升，並額外減少受到的傷害。
undead_6,墓石巨像,undead_mountains,boss,dark,golem,12,1,6,0,1,,,尚未設計專屬技能（此欄填了也不會生效）。
undead_7,血月伯爵,undead_mountains,normal,poison,vampire,24,1.5,24,1,1,,,普通攻擊，沒有特殊技能。
undead_7,血月伯爵,undead_mountains,elite,poison,vampire,24,1.5,24,1,1,vampiric;blink;lifelink,嗜血：proj-bloodrage-drain；瞬影突襲：mark-red、burst-detonate-dark；生命鏈結：,嗜血：每次擊中你都會把造成傷害的一部分吸成自己的生命。；瞬影突襲：消失後瞬間出現在你身旁，並在落點炸出暗影衝擊。；生命鏈結：與群體中其他有鏈結的成員分攤傷害，只打一隻很難打死，要集火或打斷鏈結。
undead_7,血月伯爵,undead_mountains,boss,poison,vampire,24,1.5,24,1,1,,,尚未設計專屬技能（此欄填了也不會生效）。
undead_8,劇毒腐屍,undead_mountains,normal,poison,rotting,6,1,6,0,1,,,普通攻擊，沒有特殊技能。
undead_8,劇毒腐屍,undead_mountains,elite,poison,rotting,6,1,6,0,1,plaguecloud;bomber,瘟疫毒雲：mark-red、ground-mire-venom；自爆：mark-red、burst-explosion-sheet,瘟疫毒雲：在你腳下釋放長時間的毒霧，站在裡面會持續受傷並中毒。；自爆：死亡後原地留下紅圈，倒數結束就爆炸，擊殺後要馬上走開。
undead_8,劇毒腐屍,undead_mountains,boss,poison,rotting,6,1,6,0,1,,,尚未設計專屬技能（此欄填了也不會生效）。
undead_9,食屍鬼,undead_mountains,normal,dark,devourer,18,1,6,1,1,,,普通攻擊，沒有特殊技能。
undead_9,食屍鬼,undead_mountains,elite,dark,devourer,18,1,6,1,1,vampiric;enrage,嗜血：proj-bloodrage-drain；狂暴：burst-blood,嗜血：每次擊中你都會把造成傷害的一部分吸成自己的生命。；狂暴：生命降到一定比例時進入狂暴，攻擊力與攻擊速度大幅提升。
undead_9,食屍鬼,undead_mountains,boss,dark,devourer,18,1,6,1,1,,,尚未設計專屬技能（此欄填了也不會生效）。
undead_10,骷髏法師,undead_mountains,normal,poison,skeleton_mage,12,0.75,36,0,1,,,普通攻擊，沒有特殊技能。
undead_10,骷髏法師,undead_mountains,elite,poison,skeleton_mage,12,0.75,36,0,1,darkorbs;summoner,暗影彈幕：proj-dark-orb、hit-dark；召喚師：burst-detonate-dark,暗影彈幕：連續射出數顆暗影彈，逐發追向你。；召喚師：召喚小兵協助戰鬥，數量有上限。
undead_10,骷髏法師,undead_mountains,boss,poison,skeleton_mage,12,0.75,36,0,1,,,尚未設計專屬技能（此欄填了也不會生效）。
undead_11,怨靈,undead_mountains,normal,dark,lost_soul,12,1,6,1,1,,,普通攻擊，沒有特殊技能。
undead_11,怨靈,undead_mountains,elite,dark,lost_soul,12,1,6,1,1,manadrain;darkzone,魔力吸取：proj-light-orb；褻瀆領域：mark-red、ground-mire-magma-10,魔力吸取：抽走你一部分法力，並用來治療自己。；褻瀆領域：在你腳下鋪開暗影領域，持續吞噬站在其中的生命。
undead_11,怨靈,undead_mountains,boss,dark,lost_soul,12,1,6,1,1,,,尚未設計專屬技能（此欄填了也不會生效）。
undead_12,骨龍王,undead_mountains,normal,dark,dragon,24,1.5,24,0,1,,,普通攻擊，沒有特殊技能。
undead_12,骨龍王,undead_mountains,elite,dark,dragon,24,1.5,24,0,1,darkorbs;vortex;phoenix,暗影彈幕：proj-dark-orb、hit-dark；虛空漩渦：mark-blue、black-hole、burst-gravity；不死鳥：burst-fire、pillar-light,暗影彈幕：連續射出數顆暗影彈，逐發追向你。；虛空漩渦：在附近撕開黑洞，把你往中心拖拽，結束時整個坍縮爆發。；不死鳥：第一次死亡時會浴火重生，帶著一部分生命站起來。
undead_12,骨龍王,undead_mountains,boss,dark,dragon,24,1.5,24,0,1,,,尚未設計專屬技能（此欄填了也不會生效）。
god_battlefield_1,太古戰魂,god_battlefield,normal,earth,👻,6,0.75,6,1,10,,,普通攻擊，沒有特殊技能。
god_battlefield_1,太古戰魂,god_battlefield,elite,earth,👻,6,0.75,6,1,10,quake;thorns;regen,地裂震擊：ground-domain-earth、burst-earth、burst-rock-petrify；荊棘：hit-phys；再生：burst-holy,地裂震擊：重擊大地，以自身為中心震裂出大範圍衝擊，被波及者會被震暈。；荊棘：你打到它時會受到一部分反震傷害。；再生：持續回復自身生命，不盡快擊殺就會越打越久。
god_battlefield_1,太古戰魂,god_battlefield,boss,earth,👻,6,0.75,6,1,10,,,尚未設計專屬技能（此欄填了也不會生效）。
god_battlefield_2,遠古神兵,god_battlefield,normal,earth,🗡️,18,1,6,0,1,,,普通攻擊，沒有特殊技能。
god_battlefield_2,遠古神兵,god_battlefield,elite,earth,🗡️,18,1,6,0,1,petrify;giant,石化凝視：mark-blue、burst-rock-petrify；巨像：,石化凝視：凝視你所在的位置，倒數結束後將範圍內的目標石化，無法行動片刻。；巨像：體型與生命大幅提升，並額外減少受到的傷害。
god_battlefield_2,遠古神兵,god_battlefield,boss,earth,🗡️,18,1,6,0,1,,,尚未設計專屬技能（此欄填了也不會生效）。
god_battlefield_3,破天戰將,god_battlefield,normal,earth,🛡️,12,1.5,36,1,1,,,普通攻擊，沒有特殊技能。
god_battlefield_3,破天戰將,god_battlefield,elite,earth,🛡️,12,1.5,36,1,1,charge;regen;shield,野蠻衝鋒：mark-red、slash-phys-big、burst-detonate-phys；再生：burst-holy；魔法護盾：burst-holy,野蠻衝鋒：先在你身上標出紅圈，隨後高速衝撞過來，撞上會被擊退並短暫暈眩。；再生：持續回復自身生命，不盡快擊殺就會越打越久。；魔法護盾：為自己展開一層護盾（最大生命的一部分），先打破護盾才能傷到本體。
god_battlefield_3,破天戰將,god_battlefield,boss,earth,🛡️,12,1.5,36,1,1,,,尚未設計專屬技能（此欄填了也不會生效）。
god_battlefield_4,烈焰神衛,god_battlefield,normal,fire,💥,12,1,6,0,1,,,普通攻擊，沒有特殊技能。
god_battlefield_4,烈焰神衛,god_battlefield,elite,fire,💥,12,1,6,0,1,meteor;enrage;regen,隕石雨：mark-red、proj-meteor-small、burst-fire-shockwave-small；狂暴：burst-blood；再生：burst-holy,隕石雨：在你身邊降下數顆隕石，落點先出現紅圈預警，倒數結束後爆炸並使你燃燒。；狂暴：生命降到一定比例時進入狂暴，攻擊力與攻擊速度大幅提升。；再生：持續回復自身生命，不盡快擊殺就會越打越久。
god_battlefield_4,烈焰神衛,god_battlefield,boss,fire,💥,12,1,6,0,1,,,尚未設計專屬技能（此欄填了也不會生效）。
god_battlefield_5,狂暴泰坦,god_battlefield,normal,earth,🗿,24,1,6,1,1,,,普通攻擊，沒有特殊技能。
god_battlefield_5,狂暴泰坦,god_battlefield,elite,earth,🗿,24,1,6,1,1,shockwave;shield;lifelink,震地衝擊：mark-red、burst-detonate-phys；魔法護盾：burst-holy；生命鏈結：,震地衝擊：以自身為中心炸出環形衝擊波，被波及者會被推開一大段距離。；魔法護盾：為自己展開一層護盾（最大生命的一部分），先打破護盾才能傷到本體。；生命鏈結：與群體中其他有鏈結的成員分攤傷害，只打一隻很難打死，要集火或打斷鏈結。
god_battlefield_5,狂暴泰坦,god_battlefield,boss,earth,🗿,24,1,6,1,1,,,尚未設計專屬技能（此欄填了也不會生效）。
god_battlefield_6,神魔殘骸,god_battlefield,normal,fire,☠️,6,0.75,24,0,1,,,普通攻擊，沒有特殊技能。
god_battlefield_6,神魔殘骸,god_battlefield,elite,fire,☠️,6,0.75,24,0,1,moltenblast;haste;giant,熔岩爆裂：ground-domain-fire、burst-fire-shockwave；迅捷：；巨像：,熔岩爆裂：鎖定你腳下的位置，火紅魔法陣亮起後爆發烈焰；離開圈外即可躲開。；迅捷：攻擊速度與移動速度大幅提高。；巨像：體型與生命大幅提升，並額外減少受到的傷害。
god_battlefield_6,神魔殘骸,god_battlefield,boss,fire,☠️,6,0.75,24,0,1,,,尚未設計專屬技能（此欄填了也不會生效）。
god_battlefield_7,不朽英靈,god_battlefield,normal,earth,🌟,18,1,6,1,1,,,普通攻擊，沒有特殊技能。
god_battlefield_7,不朽英靈,god_battlefield,elite,earth,🌟,18,1,6,1,1,knockback;enrage;whirlwind,擊飛：burst-wind；狂暴：burst-blood；旋風斬：mark-red、slash-wind-spin,擊飛：普通攻擊有機會把你擊退一段距離並使你踉蹌。；狂暴：生命降到一定比例時進入狂暴，攻擊力與攻擊速度大幅提升。；旋風斬：原地高速旋轉連斬數次，身邊一圈都在攻擊範圍內。
god_battlefield_7,不朽英靈,god_battlefield,boss,earth,🌟,18,1,6,1,1,,,尚未設計專屬技能（此欄填了也不會生效）。
god_battlefield_8,裁決之劍,god_battlefield,normal,fire,⚔️,12,1.5,6,0,10,,,普通攻擊，沒有特殊技能。
god_battlefield_8,裁決之劍,god_battlefield,elite,fire,⚔️,12,1.5,6,0,10,firewall;regen;shield,火焰鎖鏈：mark-red、ground-firewall；再生：burst-holy；魔法護盾：burst-holy,火焰鎖鏈：兩端先亮起紅圈，隨後燃起一道橫跨你身側的火牆，接觸會被灼傷。；再生：持續回復自身生命，不盡快擊殺就會越打越久。；魔法護盾：為自己展開一層護盾（最大生命的一部分），先打破護盾才能傷到本體。
god_battlefield_8,裁決之劍,god_battlefield,boss,fire,⚔️,12,1.5,6,0,10,,,尚未設計專屬技能（此欄填了也不會生效）。
god_battlefield_9,滅世魔將,god_battlefield,normal,fire,👹,12,0.75,24,1,1,,,普通攻擊，沒有特殊技能。
god_battlefield_9,滅世魔將,god_battlefield,elite,fire,👹,12,0.75,24,1,1,fireball;bomber;lifelink,烈焰火球：proj-fireball、hit-fire、burst-fire；自爆：mark-red、burst-explosion-sheet；生命鏈結：,烈焰火球：丟出一顆巨大的火球，落地炸開並點燃目標。；自爆：死亡後原地留下紅圈，倒數結束就爆炸，擊殺後要馬上走開。；生命鏈結：與群體中其他有鏈結的成員分攤傷害，只打一隻很難打死，要集火或打斷鏈結。
god_battlefield_9,滅世魔將,god_battlefield,boss,fire,👹,12,0.75,24,1,1,,,尚未設計專屬技能（此欄填了也不會生效）。
god_battlefield_10,太古龍魂,god_battlefield,normal,fire,🐉,24,1,6,0,1,,,普通攻擊，沒有特殊技能。
god_battlefield_10,太古龍魂,god_battlefield,elite,fire,🐉,24,1,6,0,1,moltenpool;whirlwind;enrage,熔岩足跡：ground-mire-lava；旋風斬：mark-red、slash-wind-spin；狂暴：burst-blood,熔岩足跡：走過的地方會留下熔岩池，持續灼燒踩在上面的人。；旋風斬：原地高速旋轉連斬數次，身邊一圈都在攻擊範圍內。；狂暴：生命降到一定比例時進入狂暴，攻擊力與攻擊速度大幅提升。
god_battlefield_10,太古龍魂,god_battlefield,boss,fire,🐉,24,1,6,0,1,,,尚未設計專屬技能（此欄填了也不會生效）。
god_battlefield_11,戰爭主宰,god_battlefield,normal,fire,🔱,6,1.5,36,1,1,,,普通攻擊，沒有特殊技能。
god_battlefield_11,戰爭主宰,god_battlefield,elite,fire,🔱,6,1.5,36,1,1,meteor;enrage;haste,隕石雨：mark-red、proj-meteor-small、burst-fire-shockwave-small；狂暴：burst-blood；迅捷：,隕石雨：在你身邊降下數顆隕石，落點先出現紅圈預警，倒數結束後爆炸並使你燃燒。；狂暴：生命降到一定比例時進入狂暴，攻擊力與攻擊速度大幅提升。；迅捷：攻擊速度與移動速度大幅提高。
god_battlefield_11,戰爭主宰,god_battlefield,boss,fire,🔱,6,1.5,36,1,1,,,尚未設計專屬技能（此欄填了也不會生效）。
god_battlefield_12,殞星巨獸,god_battlefield,normal,fire,☄️,18,1,6,0,1,,,普通攻擊，沒有特殊技能。
god_battlefield_12,殞星巨獸,god_battlefield,elite,fire,☄️,18,1,6,0,1,moltenblast;haste;regen,熔岩爆裂：ground-domain-fire、burst-fire-shockwave；迅捷：；再生：burst-holy,熔岩爆裂：鎖定你腳下的位置，火紅魔法陣亮起後爆發烈焰；離開圈外即可躲開。；迅捷：攻擊速度與移動速度大幅提高。；再生：持續回復自身生命，不盡快擊殺就會越打越久。
god_battlefield_12,殞星巨獸,god_battlefield,boss,fire,☄️,18,1,6,0,1,,,尚未設計專屬技能（此欄填了也不會生效）。
god_chaos_1,混沌幼獸,god_chaos,normal,lightning,🐾,12,1,24,1,10,,,普通攻擊，沒有特殊技能。
god_chaos_1,混沌幼獸,god_chaos,elite,lightning,🐾,12,1,24,1,10,lightningstorm;haste;giant,雷霆風暴：mark-blue、bolt-sky-lightning、burst-detonate；迅捷：；巨像：,雷霆風暴：連續降下數道落雷，每道落點先出現藍圈預警；被雷劈中會短暫麻痺。；迅捷：攻擊速度與移動速度大幅提高。；巨像：體型與生命大幅提升，並額外減少受到的傷害。
god_chaos_1,混沌幼獸,god_chaos,boss,lightning,🐾,12,1,24,1,10,,,尚未設計專屬技能（此欄填了也不會生效）。
god_chaos_2,虛空行者,god_chaos,normal,ice,🌌,12,0.75,6,0,1,,,普通攻擊，沒有特殊技能。
god_chaos_2,虛空行者,god_chaos,elite,ice,🌌,12,0.75,6,0,1,frostnova;shield;giant,冰霜新星：ground-domain-ice、burst-frost-nova；魔法護盾：burst-holy；巨像：,冰霜新星：以自身為中心展開冰藍魔法陣，倒數結束後釋放寒冰新星，傷害並使你減速。；魔法護盾：為自己展開一層護盾（最大生命的一部分），先打破護盾才能傷到本體。；巨像：體型與生命大幅提升，並額外減少受到的傷害。
god_chaos_2,虛空行者,god_chaos,boss,ice,🌌,12,0.75,6,0,1,,,尚未設計專屬技能（此欄填了也不會生效）。
god_chaos_3,時空魔靈,god_chaos,normal,ice,⏱️,24,1,24,1,1,,,普通攻擊，沒有特殊技能。
god_chaos_3,時空魔靈,god_chaos,elite,ice,⏱️,24,1,24,1,1,blizzard;regen;shield,暴風雪：mark-blue、ground-blizzard；再生：burst-holy；魔法護盾：burst-holy,暴風雪：召來一片暴風雪籠罩你的位置，區域內持續受到寒冰傷害並被減速。；再生：持續回復自身生命，不盡快擊殺就會越打越久。；魔法護盾：為自己展開一層護盾（最大生命的一部分），先打破護盾才能傷到本體。
god_chaos_3,時空魔靈,god_chaos,boss,ice,⏱️,24,1,24,1,1,,,尚未設計專屬技能（此欄填了也不會生效）。
god_chaos_4,裂縫幻影,god_chaos,normal,ice,👥,6,1.5,6,0,1,,,普通攻擊，沒有特殊技能。
god_chaos_4,裂縫幻影,god_chaos,elite,ice,👥,6,1.5,6,0,1,iceshards;knockback;lifelink,冰錐齊射：proj-ice-shard、hit-ice；擊飛：burst-wind；生命鏈結：,冰錐齊射：一口氣射出大量冰錐，命中使你減速。；擊飛：普通攻擊有機會把你擊退一段距離並使你踉蹌。；生命鏈結：與群體中其他有鏈結的成員分攤傷害，只打一隻很難打死，要集火或打斷鏈結。
god_chaos_4,裂縫幻影,god_chaos,boss,ice,👥,6,1.5,6,0,1,,,尚未設計專屬技能（此欄填了也不會生效）。
god_chaos_5,混沌噬魂獸,god_chaos,normal,lightning,👾,18,0.75,24,1,1,,,普通攻擊，沒有特殊技能。
god_chaos_5,混沌噬魂獸,god_chaos,elite,lightning,👾,18,0.75,24,1,1,thunderorb;shield,雷光球：ground-thunder-orb；魔法護盾：burst-holy,雷光球：釋放一顆追著你跑的雷光球，靠近就會被電擊並麻痺。；魔法護盾：為自己展開一層護盾（最大生命的一部分），先打破護盾才能傷到本體。
god_chaos_5,混沌噬魂獸,god_chaos,boss,lightning,👾,18,0.75,24,1,1,,,尚未設計專屬技能（此欄填了也不會生效）。
god_chaos_6,蝕天巨煞,god_chaos,normal,ice,👹,12,1,6,0,1,,,普通攻擊，沒有特殊技能。
god_chaos_6,蝕天巨煞,god_chaos,elite,ice,👹,12,1,6,0,1,waterprison;curse;whirlwind,水牢：mark-blue、field-water-prison-dome；衰弱詛咒：curse-dark；旋風斬：mark-red、slash-wind-spin,水牢：以水幕罩住你所在的位置，困在水牢中會持續受傷並被嚴重拖慢。；衰弱詛咒：詛咒你，使你的攻擊力與防禦力降低一段時間。；旋風斬：原地高速旋轉連斬數次，身邊一圈都在攻擊範圍內。
god_chaos_6,蝕天巨煞,god_chaos,boss,ice,👹,12,1,6,0,1,,,尚未設計專屬技能（此欄填了也不會生效）。
god_chaos_7,虛空之眼,god_chaos,normal,lightning,👁️,12,1.5,6,1,1,,,普通攻擊，沒有特殊技能。
god_chaos_7,虛空之眼,god_chaos,elite,lightning,👁️,12,1.5,6,1,1,thunderwall;enrage;lifelink,電磁牆：mark-blue、bolt-curtain-lightning；狂暴：burst-blood；生命鏈結：,電磁牆：在你與它之間豎起一道電牆，穿過去會被電擊麻痺。；狂暴：生命降到一定比例時進入狂暴，攻擊力與攻擊速度大幅提升。；生命鏈結：與群體中其他有鏈結的成員分攤傷害，只打一隻很難打死，要集火或打斷鏈結。
god_chaos_7,虛空之眼,god_chaos,boss,lightning,👁️,12,1.5,6,1,1,,,尚未設計專屬技能（此欄填了也不會生效）。
god_chaos_8,元素狂暴體,god_chaos,normal,lightning,⚡,24,1,24,0,10,,,普通攻擊，沒有特殊技能。
god_chaos_8,元素狂暴體,god_chaos,elite,lightning,⚡,24,1,24,0,10,lightningspear;blink,閃電矛：proj-lightning、hit-lightning；瞬影突襲：mark-red、burst-detonate-dark,閃電矛：射出疾速的閃電矛，命中有機會麻痺。；瞬影突襲：消失後瞬間出現在你身旁，並在落點炸出暗影衝擊。
god_chaos_8,元素狂暴體,god_chaos,boss,lightning,⚡,24,1,24,0,10,,,尚未設計專屬技能（此欄填了也不會生效）。
god_chaos_9,混沌使者,god_chaos,normal,lightning,🔮,6,1,6,1,1,,,普通攻擊，沒有特殊技能。
god_chaos_9,混沌使者,god_chaos,elite,lightning,🔮,6,1,6,1,1,chainlightning;regen;enrage,連鎖閃電：bolt-chain-lightning、hit-lightning；再生：burst-holy；狂暴：burst-blood,連鎖閃電：一道電弧瞬間連到你身上，傷害並使你麻痺片刻。；再生：持續回復自身生命，不盡快擊殺就會越打越久。；狂暴：生命降到一定比例時進入狂暴，攻擊力與攻擊速度大幅提升。
god_chaos_9,混沌使者,god_chaos,boss,lightning,🔮,6,1,6,1,1,,,尚未設計專屬技能（此欄填了也不會生效）。
god_chaos_10,星雲魔獸,god_chaos,normal,ice,🌌,18,0.75,24,0,1,,,普通攻擊，沒有特殊技能。
god_chaos_10,星雲魔獸,god_chaos,elite,ice,🌌,18,0.75,24,0,1,frostnova;reflectshield;haste,冰霜新星：ground-domain-ice、burst-frost-nova；反射護罩：burst-detonate-phys；迅捷：,冰霜新星：以自身為中心展開冰藍魔法陣，倒數結束後釋放寒冰新星，傷害並使你減速。；反射護罩：短時間內將受到傷害的一部分反彈給你，罩子亮起時別硬打。；迅捷：攻擊速度與移動速度大幅提高。
god_chaos_10,星雲魔獸,god_chaos,boss,ice,🌌,18,0.75,24,0,1,,,尚未設計專屬技能（此欄填了也不會生效）。
god_chaos_11,創世餘燼,god_chaos,normal,lightning,🔥,12,1,6,1,1,,,普通攻擊，沒有特殊技能。
god_chaos_11,創世餘燼,god_chaos,elite,lightning,🔥,12,1,6,1,1,lightningstorm;haste;regen,雷霆風暴：mark-blue、bolt-sky-lightning、burst-detonate；迅捷：；再生：burst-holy,雷霆風暴：連續降下數道落雷，每道落點先出現藍圈預警；被雷劈中會短暫麻痺。；迅捷：攻擊速度與移動速度大幅提高。；再生：持續回復自身生命，不盡快擊殺就會越打越久。
god_chaos_11,創世餘燼,god_chaos,boss,lightning,🔥,12,1,6,1,1,,,尚未設計專屬技能（此欄填了也不會生效）。
god_chaos_12,混沌大天尊,god_chaos,normal,ice,☸️,12,1.5,36,0,1,,,普通攻擊，沒有特殊技能。
god_chaos_12,混沌大天尊,god_chaos,elite,ice,☸️,12,1.5,36,0,1,frostnova;shield;regen,冰霜新星：ground-domain-ice、burst-frost-nova；魔法護盾：burst-holy；再生：burst-holy,冰霜新星：以自身為中心展開冰藍魔法陣，倒數結束後釋放寒冰新星，傷害並使你減速。；魔法護盾：為自己展開一層護盾（最大生命的一部分），先打破護盾才能傷到本體。；再生：持續回復自身生命，不盡快擊殺就會越打越久。
god_chaos_12,混沌大天尊,god_chaos,boss,ice,☸️,12,1.5,36,0,1,,,尚未設計專屬技能（此欄填了也不會生效）。
god_sanctuary_1,巡天聖光,god_sanctuary,normal,light,💫,24,0.75,24,1,10,,,普通攻擊，沒有特殊技能。
god_sanctuary_1,巡天聖光,god_sanctuary,elite,light,💫,24,0.75,24,1,10,arcanebeam;heal;enrage,秘法光束：mark-red、beam-light；神聖治癒：pillar-light；狂暴：burst-blood,秘法光束：先在地面劃出一條光線預警，隨後沿該直線射出貫穿光束。；神聖治癒：呼喚光柱治療整個群體（包含自己）一部分生命。；狂暴：生命降到一定比例時進入狂暴，攻擊力與攻擊速度大幅提升。
god_sanctuary_1,巡天聖光,god_sanctuary,boss,light,💫,24,0.75,24,1,10,,,尚未設計專屬技能（此欄填了也不會生效）。
god_sanctuary_2,天使,god_sanctuary,normal,light,👼,6,1,6,0,5,,,普通攻擊，沒有特殊技能。
god_sanctuary_2,天使,god_sanctuary,elite,light,👼,6,1,6,0,5,heal;shield;haste,神聖治癒：pillar-light；魔法護盾：burst-holy；迅捷：,神聖治癒：呼喚光柱治療整個群體（包含自己）一部分生命。；魔法護盾：為自己展開一層護盾（最大生命的一部分），先打破護盾才能傷到本體。；迅捷：攻擊速度與移動速度大幅提高。
god_sanctuary_2,天使,god_sanctuary,boss,light,👼,6,1,6,0,5,,,尚未設計專屬技能（此欄填了也不會生效）。
god_sanctuary_3,天使巡狩,god_sanctuary,normal,fire,👼‍♀️,18,1.5,6,1,5,,,普通攻擊，沒有特殊技能。
god_sanctuary_3,天使巡狩,god_sanctuary,elite,fire,👼‍♀️,18,1.5,6,1,5,firewall;regen;enrage,火焰鎖鏈：mark-red、ground-firewall；再生：burst-holy；狂暴：burst-blood,火焰鎖鏈：兩端先亮起紅圈，隨後燃起一道橫跨你身側的火牆，接觸會被灼傷。；再生：持續回復自身生命，不盡快擊殺就會越打越久。；狂暴：生命降到一定比例時進入狂暴，攻擊力與攻擊速度大幅提升。
god_sanctuary_3,天使巡狩,god_sanctuary,boss,fire,👼‍♀️,18,1.5,6,1,5,,,尚未設計專屬技能（此欄填了也不會生效）。
god_sanctuary_4,審判使者,god_sanctuary,normal,ice,⚖️,12,1,24,0,1,,,普通攻擊，沒有特殊技能。
god_sanctuary_4,審判使者,god_sanctuary,elite,ice,⚖️,12,1,24,0,1,blizzard;regen;whirlwind,暴風雪：mark-blue、ground-blizzard；再生：burst-holy；旋風斬：mark-red、slash-wind-spin,暴風雪：召來一片暴風雪籠罩你的位置，區域內持續受到寒冰傷害並被減速。；再生：持續回復自身生命，不盡快擊殺就會越打越久。；旋風斬：原地高速旋轉連斬數次，身邊一圈都在攻擊範圍內。
god_sanctuary_4,審判使者,god_sanctuary,boss,ice,⚖️,12,1,24,0,1,,,尚未設計專屬技能（此欄填了也不會生效）。
god_sanctuary_5,聖域守衛,god_sanctuary,normal,light,🛡️,12,1,36,1,5,,,普通攻擊，沒有特殊技能。
god_sanctuary_5,聖域守衛,god_sanctuary,elite,light,🛡️,12,1,36,1,5,invulnaura;arcanebeam;regen,庇護光環：burst-holy；秘法光束：mark-red、beam-light；再生：burst-holy,庇護光環：讓整個群體短暫進入無敵，這幾秒打不傷任何成員。；秘法光束：先在地面劃出一條光線預警，隨後沿該直線射出貫穿光束。；再生：持續回復自身生命，不盡快擊殺就會越打越久。
god_sanctuary_5,聖域守衛,god_sanctuary,boss,light,🛡️,12,1,36,1,5,,,尚未設計專屬技能（此欄填了也不會生效）。
god_sanctuary_6,曜光巨龍,god_sanctuary,normal,light,🐉,24,0.75,6,0,1,,,普通攻擊，沒有特殊技能。
god_sanctuary_6,曜光巨龍,god_sanctuary,elite,light,🐉,24,0.75,6,0,1,reflectshield;manadrain;giant,反射護罩：burst-detonate-phys；魔力吸取：proj-light-orb；巨像：,反射護罩：短時間內將受到傷害的一部分反彈給你，罩子亮起時別硬打。；魔力吸取：抽走你一部分法力，並用來治療自己。；巨像：體型與生命大幅提升，並額外減少受到的傷害。
god_sanctuary_6,曜光巨龍,god_sanctuary,boss,light,🐉,24,0.75,6,0,1,,,尚未設計專屬技能（此欄填了也不會生效）。
god_sanctuary_7,巨靈像,god_sanctuary,normal,ice,🏛️,6,1,24,1,5,,,普通攻擊，沒有特殊技能。
god_sanctuary_7,巨靈像,god_sanctuary,elite,ice,🏛️,6,1,24,1,5,iceshards;knockback;enrage,冰錐齊射：proj-ice-shard、hit-ice；擊飛：burst-wind；狂暴：burst-blood,冰錐齊射：一口氣射出大量冰錐，命中使你減速。；擊飛：普通攻擊有機會把你擊退一段距離並使你踉蹌。；狂暴：生命降到一定比例時進入狂暴，攻擊力與攻擊速度大幅提升。
god_sanctuary_7,巨靈像,god_sanctuary,boss,ice,🏛️,6,1,24,1,5,,,尚未設計專屬技能（此欄填了也不會生效）。
god_sanctuary_8,永恒靈體,god_sanctuary,normal,fire,🕊️,18,1.5,6,0,1,,,普通攻擊，沒有特殊技能。
god_sanctuary_8,永恒靈體,god_sanctuary,elite,fire,🕊️,18,1.5,6,0,1,fireball;bomber;haste,烈焰火球：proj-fireball、hit-fire、burst-fire；自爆：mark-red、burst-explosion-sheet；迅捷：,烈焰火球：丟出一顆巨大的火球，落地炸開並點燃目標。；自爆：死亡後原地留下紅圈，倒數結束就爆炸，擊殺後要馬上走開。；迅捷：攻擊速度與移動速度大幅提高。
god_sanctuary_8,永恒靈體,god_sanctuary,boss,fire,🕊️,18,1.5,6,0,1,,,尚未設計專屬技能（此欄填了也不會生效）。
god_sanctuary_9,聖地執法者,god_sanctuary,normal,light,📜,12,1,36,1,1,,,普通攻擊，沒有特殊技能。
god_sanctuary_9,聖地執法者,god_sanctuary,elite,light,📜,12,1,36,1,1,arcanebeam;heal;shield,秘法光束：mark-red、beam-light；神聖治癒：pillar-light；魔法護盾：burst-holy,秘法光束：先在地面劃出一條光線預警，隨後沿該直線射出貫穿光束。；神聖治癒：呼喚光柱治療整個群體（包含自己）一部分生命。；魔法護盾：為自己展開一層護盾（最大生命的一部分），先打破護盾才能傷到本體。
god_sanctuary_9,聖地執法者,god_sanctuary,boss,light,📜,12,1,36,1,1,,,尚未設計專屬技能（此欄填了也不會生效）。
god_sanctuary_10,神王護衛長,god_sanctuary,normal,light,👑,24,1,6,0,1,,,普通攻擊，沒有特殊技能。
god_sanctuary_10,神王護衛長,god_sanctuary,elite,light,👑,24,1,6,0,1,heal;shield;whirlwind,神聖治癒：pillar-light；魔法護盾：burst-holy；旋風斬：mark-red、slash-wind-spin,神聖治癒：呼喚光柱治療整個群體（包含自己）一部分生命。；魔法護盾：為自己展開一層護盾（最大生命的一部分），先打破護盾才能傷到本體。；旋風斬：原地高速旋轉連斬數次，身邊一圈都在攻擊範圍內。
god_sanctuary_10,神王護衛長,god_sanctuary,boss,light,👑,24,1,6,0,1,,,尚未設計專屬技能（此欄填了也不會生效）。
god_sanctuary_11,智慧晶體,god_sanctuary,normal,ice,🌟,6,1,24,1,1,,,普通攻擊，沒有特殊技能。
god_sanctuary_11,智慧晶體,god_sanctuary,elite,ice,🌟,6,1,24,1,1,waterprison;curse;regen,水牢：mark-blue、field-water-prison-dome；衰弱詛咒：curse-dark；再生：burst-holy,水牢：以水幕罩住你所在的位置，困在水牢中會持續受傷並被嚴重拖慢。；衰弱詛咒：詛咒你，使你的攻擊力與防禦力降低一段時間。；再生：持續回復自身生命，不盡快擊殺就會越打越久。
god_sanctuary_11,智慧晶體,god_sanctuary,boss,ice,🌟,6,1,24,1,1,,,尚未設計專屬技能（此欄填了也不會生效）。
god_sanctuary_12,神聖執法官,god_sanctuary,normal,light,🌌,18,1,6,0,1,,,普通攻擊，沒有特殊技能。
god_sanctuary_12,神聖執法官,god_sanctuary,elite,light,🌌,18,1,6,0,1,invulnaura;arcanebeam;enrage,庇護光環：burst-holy；秘法光束：mark-red、beam-light；狂暴：burst-blood,庇護光環：讓整個群體短暫進入無敵，這幾秒打不傷任何成員。；秘法光束：先在地面劃出一條光線預警，隨後沿該直線射出貫穿光束。；狂暴：生命降到一定比例時進入狂暴，攻擊力與攻擊速度大幅提升。
god_sanctuary_12,神聖執法官,god_sanctuary,boss,light,🌌,18,1,6,0,1,,,尚未設計專屬技能（此欄填了也不會生效）。
