類型,id,名稱,階／級距,武器詞條,武器倍率,防具詞條,防具倍率,配方,適用裝備,屬性加成,被動,傳奇特效,靜態效果,事件觸發(JSON),風味文字,設定值,備註
設定,maxSlots,符文孔數上限,,,,,,,,,,,,,,5,符文孔數的硬上限，也是符文真言最多能有幾顆符文。各稀有度的符文孔數不在這張表：在 game_parameters.xlsx「表-稀有度」各列的參數g。
設定,twoHandBonusSlots,雙手武器額外符文孔數,,,,,,,,,,,,,,1,雙手武器的符文孔比一般裝備多幾個（加法，不是倍數；0＝一樣多）。只加在本來就有符文孔的稀有度上（孔數 0 的稀有度，雙手武器也沒有符文孔）；最多孔稀有度的孔數加上它不得超過符文孔數上限。
設定,erase_scrapPerTier,抹除費用：裝備碎片(每階),,,,,,,,,,,,,,15,抹除已刻印的符文要付的裝備碎片：每階單價（0＝不收這種幣）。實付＝單價 × 符文階數 × 裝備稀有度倍率（RARITIES 的詞條數值倍率），無條件進位。符文抹除後直接消失、不退還。
設定,erase_essencePerTier,抹除費用：附魔精華(每階),,,,,,,,,,,,,,1,抹除已刻印的符文要付的附魔精華：每階單價（0＝不收這種幣）。算法同裝備碎片。
設定,erase_goldPerTier,抹除費用：金幣(每階),,,,,,,,,,,,,,0,抹除已刻印的符文要付的金幣：每階單價（0＝不收這種幣；預設不收）。算法同裝備碎片。
設定,composeCount,合成所需顆數,,,,,,,,,,,,,,3,合成：同種符文幾顆合成下一階 1 顆。
設定,composeMaxTier,最高合成階,,,,,,,,,,,,,,20,能合成到第幾階；更高階的符文只能靠擊殺與封魔塔掉落。
設定,dismantleYield,拆解產出顆數,,,,,,,,,,,,,,1,拆解 1 顆得到低一階符文幾顆；必須小於合成所需顆數。≥2 會讓一顆高階符文拆出指數倍的低階符文、破壞稀有度，所以預設 1（只能降階頂替、不會變多）。
設定,statScale,全域屬性縮放,,,,,,,,,,,,,,1,全域縮放：符文與符文真言的屬性加成一律乘此值（平衡用旋鈕，1＝不縮放）。
設定,drop_basePct,野外基礎掉落率(%),,,,,,,,,,,,,,0.3,野外每次擊殺的基礎掉落率（%），再乘掉寶率、地圖倍率與敵種倍率。
設定,drop_towerBossPct,封魔塔基礎掉落率(%),,,,,,,,,,,,,,35,封魔塔通關時的基礎掉落機率（%）。
設定,drop_tierSpread,掉落階數分佈,,,,,,,,,,,,,,0.74,階數稀有度：第 t+1 階的出現機率是第 t 階的這個倍數（0~1，越小高階越稀有）。階越高越稀有，與進度無關；進度只決定能掉到幾階。
設定,drop_progressPerTier,每進度的最高階增量,,,,,,,,,,,,,,4.6,進度（地圖序號＋關卡比例）每 +1 對應的最高掉落階增量（解鎖速度，不影響稀有度）。
符文,r01,微光,1,hit,1,evasion,0.3,,,,,,,,,,武器：命中率×1｜防具・飾品・副手：閃避率×0.3（×倍＝詞條可能範圍下限的倍數）
符文,r02,餘燼,2,atkFlat,1,defFlat,0.3,,,,,,,,,,武器：物理攻擊×1｜防具・飾品・副手：物理防禦×0.3（×倍＝詞條可能範圍下限的倍數）
符文,r03,霜痕,3,elemDmgIce,0.3,resIce,0.15,,,,,,,,,,武器：冰屬性傷害提升×0.3｜防具・飾品・副手：冰霜抗性×0.15（×倍＝詞條可能範圍下限的倍數）
符文,r04,風語,4,aspd,0.3,evasion,0.35,,,,,,,,,,武器：攻擊速度×0.3｜防具・飾品・副手：閃避率×0.35（×倍＝詞條可能範圍下限的倍數）
符文,r05,巖心,5,pPen,0.06,defPct,0.29,,,,,,,,,,武器：物理穿透×0.06｜防具・飾品・副手：物理防禦×0.29（×倍＝詞條可能範圍下限的倍數）
符文,r06,毒牙,6,elemDmgPoison,0.29,resPoison,0.14,,,,,,,,,,武器：毒屬性傷害提升×0.29｜防具・飾品・副手：劇毒抗性×0.14（×倍＝詞條可能範圍下限的倍數）
符文,r07,雷鳴,7,elemDmgLightning,0.28,resLightning,0.14,,,,,,,,,,武器：雷屬性傷害提升×0.28｜防具・飾品・副手：雷電抗性×0.14（×倍＝詞條可能範圍下限的倍數）
符文,r08,暗影,8,lifesteal,0.33,hpRegen,0.33,,,,,,,,,,武器：吸血×0.33｜防具・飾品・副手：生命恢復/秒×0.33（×倍＝詞條可能範圍下限的倍數）
符文,r09,聖輝,9,elemDmgLight,0.28,resLight,0.14,,,,,,,,,,武器：聖屬性傷害提升×0.28｜防具・飾品・副手：聖光抗性×0.14（×倍＝詞條可能範圍下限的倍數）
符文,r10,血誓,10,atkPct,0.32,hpPct,0.32,,,,,,,,,,武器：物理攻擊×0.32｜防具・飾品・副手：生命值×0.32（×倍＝詞條可能範圍下限的倍數）
符文,r11,鋼魄,11,critDmg,0.36,pRes,0.09,,,,,,,,,,武器：暴擊傷害×0.36｜防具・飾品・副手：物理抗性×0.09（×倍＝詞條可能範圍下限的倍數）
符文,r12,靈泉,12,matkPct,0.31,mpFlat,0.4,,,,,,,,,,武器：魔法攻擊×0.31｜防具・飾品・副手：法力值×0.4（×倍＝詞條可能範圍下限的倍數）
符文,r13,疾影,13,critRate,0.35,hit,0.39,,,,,,,,,,武器：暴擊率×0.35｜防具・飾品・副手：命中率×0.39（×倍＝詞條可能範圍下限的倍數）
符文,r14,磐石,14,eliteDmg,0.34,blockRate,0.38,,,,,,,,,,武器：對菁英傷害×0.34｜防具・飾品・副手：格擋率×0.38（×倍＝詞條可能範圍下限的倍數）
符文,r15,曙光,15,mPen,0.06,mRes,0.08,,,,,,,,,,武器：魔法穿透×0.06｜防具・飾品・副手：魔法抗性×0.08（×倍＝詞條可能範圍下限的倍數）
符文,r16,夜幕,16,elemDmgDark,0.33,resDark,0.17,,,,,,,,,,武器：暗屬性傷害提升×0.33｜防具・飾品・副手：暗影抗性×0.17（×倍＝詞條可能範圍下限的倍數）
符文,r17,烈陽,17,elemDmgFire,0.33,resFire,0.16,,,,,,,,,,武器：火屬性傷害提升×0.33｜防具・飾品・副手：火焰抗性×0.16（×倍＝詞條可能範圍下限的倍數）
符文,r18,寒月,18,cdr,0.36,mdefPct,0.36,,,,,,,,,,武器：冷卻縮減×0.36｜防具・飾品・副手：魔法防禦×0.36（×倍＝詞條可能範圍下限的倍數）
符文,r19,驚蟄,19,aspd,0.39,tenacity,0.39,,,,,,,,,,武器：攻擊速度×0.39｜防具・飾品・副手：韌性×0.39（×倍＝詞條可能範圍下限的倍數）
符文,r20,嵐,20,elemDmgWind,0.39,resWind,0.19,,,,,,,,,,武器：風屬性傷害提升×0.39｜防具・飾品・副手：疾風抗性×0.19（×倍＝詞條可能範圍下限的倍數）
符文,r21,蒼穹,21,bossDmg,0.42,shieldEff,0.42,,,,,,,,,,武器：對BOSS傷害×0.42｜防具・飾品・副手：護盾效率×0.42（×倍＝詞條可能範圍下限的倍數）
符文,r22,厚土,22,elemDmgEarth,0.41,hpPct,0.45,,,,,,,,,,武器：地屬性傷害提升×0.41｜防具・飾品・副手：生命值×0.45（×倍＝詞條可能範圍下限的倍數）
符文,r23,熔岩,23,atkPct,0.48,globalDmgRed,0.4,,,,,,,,,,武器：物理攻擊×0.48｜防具・飾品・副手：全局減傷×0.4（×倍＝詞條可能範圍下限的倍數）
符文,r24,冰魄,24,critDmg,0.5,resAll,0.22,,,,,,,,,,武器：暴擊傷害×0.5｜防具・飾品・副手：全屬性抗性×0.22（×倍＝詞條可能範圍下限的倍數）
符文,r25,雷霆,25,matkPct,0.49,blockDmgRed,0.49,,,,,,,,,,武器：魔法攻擊×0.49｜防具・飾品・副手：格擋減傷×0.49（×倍＝詞條可能範圍下限的倍數）
符文,r26,虛空,26,aoeDmg,0.52,ccRed,0.42,,,,,,,,,,武器：範圍傷害×0.52｜防具・飾品・副手：控制時間縮減×0.42（×倍＝詞條可能範圍下限的倍數）
符文,r27,星辰,27,critRate,0.54,luck,0.54,,,,,,,,,,武器：暴擊率×0.54｜防具・飾品・副手：幸運值×0.54（×倍＝詞條可能範圍下限的倍數）
符文,r28,命運,28,normalDmg,0.57,evasion,0.57,,,,,,,,,,武器：對普通敵人傷害×0.57｜防具・飾品・副手：閃避率×0.57（×倍＝詞條可能範圍下限的倍數）
符文,r29,輪迴,29,lifesteal,0.59,hpRegen,0.59,,,,,,,,,,武器：吸血×0.59｜防具・飾品・副手：生命恢復/秒×0.59（×倍＝詞條可能範圍下限的倍數）
符文,r30,永恆,30,atkPct,0.61,hpPct,0.61,,,,,,,,,,武器：物理攻擊×0.61｜防具・飾品・副手：生命值×0.61（×倍＝詞條可能範圍下限的倍數）
符文,r31,混沌,31,matkPct,0.63,resAll,0.28,,,,,,,,,,武器：魔法攻擊×0.63｜防具・飾品・副手：全屬性抗性×0.28（×倍＝詞條可能範圍下限的倍數）
符文,r32,創生,32,critDmg,0.67,shieldEff,0.61,,,,,,,,,,武器：暴擊傷害×0.67｜防具・飾品・副手：護盾效率×0.61（×倍＝詞條可能範圍下限的倍數）
符文,r33,終焉,33,bossDmg,0.75,globalDmgRed,0.54,,,,,,,,,,武器：對BOSS傷害×0.75｜防具・飾品・副手：全局減傷×0.54（×倍＝詞條可能範圍下限的倍數）
符文真言,rw_firstcry,初啼,1,,,,,微光;餘燼,mainHand,atkFlat:1;matkFlat:1;hit:0.5,,,,,第一聲啼鳴，劃破長夜的寂靜。,,屬性：物理攻擊×1、魔法攻擊×1、命中率×0.5
符文真言,rw_nightwatch,守夜,1,,,,,餘燼;巖心,chest,defFlat:1.25;hpFlat:1.25;hpRegen:0.5,,,,,燈火不滅，守夜人便不眠。,,屬性：物理防禦×1.25、生命值×1.25、生命恢復/秒×0.5
符文真言,rw_frostwhisper,霜語,1,,,,,霜痕;風語,caster,matkFlat:1.25;elemDmgIce:0.75,,,,"[{""on"":""hit"",""chance"":10,""acts"":[{""act"":""slow"",""sec"":2}]}]",寒風低語，敵人的腳步便慢了下來。,,屬性：魔法攻擊×1.25、冰屬性傷害提升×0.75｜普通攻擊命中時有 10% 機率：目標緩速 2 秒
符文真言,rw_windwalk,行雲,1,,,,,風語;微光;暗影,boots,evasion:1;hpFlat:1;hit:0.5,,,,,步履如雲，不留痕跡。,,屬性：閃避率×1、生命值×1、命中率×0.5
符文真言,rw_stoneskin,石膚,1,,,,,巖心;霜痕,shoulder;legs,defPct:0.75;hpPct:0.6;pRes:0.4,thorns:3,,,,皮膚堅如岩層，觸碰者必受其傷。,,屬性：物理防禦×0.75、生命值×0.6、物理抗性×0.4｜反震 3%
符文真言,rw_viperkiss,蛇吻,1,,,,,毒牙;暗影,sword1h;dagger1h;magicSword1h,atkPct:0.6;elemDmgPoison:0.75;critRate:0.5,,,,"[{""on"":""hit"",""chance"":15,""acts"":[{""act"":""dot"",""pct"":60,""sec"":4,""name"":""poison""}]}]",毒蛇的一吻，慢慢收走對手的生命。,,屬性：物理攻擊×0.6、毒屬性傷害提升×0.75、暴擊率×0.5｜普通攻擊命中時有 15% 機率：對目標施加中毒（每秒 60% 攻擊力，4 秒）
符文真言,rw_minorthunder,輕雷,1,,,,,雷鳴;風語,oneHand,matkPct:0.75;elemDmgLightning:1,,,,"[{""on"":""hit"",""chance"":8,""acts"":[{""act"":""dmg"",""pct"":90,""elem"":""lightning"",""to"":""target""}]}]",一聲輕雷，落在不經意的地方。,,屬性：魔法攻擊×0.75、雷屬性傷害提升×1｜普通攻擊命中時有 8% 機率：對目標造成 90% 雷電傷害
符文真言,rw_lightguard,聖光之守,1,,,,,微光;聖輝,helmet,mpFlat:1;resLight:0.75;hpPct:0.5,,,killManaPct:1,,以聖光為冠，心神澄明。,,屬性：法力值×1、聖光抗性×0.75、生命值×0.5｜擊殺敵人時回復 1% 最大法力
符文真言,rw_bloodring,血誓之環,1,,,,,血誓;暗影,ring,lifesteal:1;atkPct:0.5;hit:0.5,,,killHealPct:1,,以血起誓，生者共飲。,,屬性：吸血×1、物理攻擊×0.5、命中率×0.5｜擊殺敵人時回復 1% 最大生命
符文真言,rw_steelheart,鋼心,1,,,,,巖心;血誓,belt,hpPct:0.75;defPct:0.75;tenacity:0.5,,,,,腰繫鋼索，心不動搖。,,屬性：生命值×0.75、物理防禦×0.75、韌性×0.5
符文真言,rw_springflow,泉湧,1,,,,,微光;餘燼;暗影,amulet,mpRegen:1;hpRegen:1;mpFlat:0.75,,,killManaPct:2,,源源不絕，如山間清泉。,,屬性：法力恢復/秒×1、生命恢復/秒×1、法力值×0.75｜擊殺敵人時回復 2% 最大法力
符文真言,rw_scavenger,拾荒者,1,,,,,微光;風語,jewelry,goldBonus:1;xpBonus:0.75;loot:0.6,,,runeFindPct:8,,連廢墟裡的一粒塵埃，也要翻過三遍。,,屬性：金幣加成×1、經驗加成×0.75、掉寶率×0.6｜符文掉落率 +8%
符文真言,rw_breaker,破軍,1,,,,,餘燼;血誓;巖心,twoHand,atkPct:0.6;critDmg:0.6;pPen:0.1,,,,,重兵一落，軍陣自潰。,,屬性：物理攻擊×0.6、暴擊傷害×0.6、物理穿透×0.1
符文真言,rw_burnstar,燃星,1,,,,,餘燼;聖輝,caster,matkPct:0.75;elemDmgFire:0.75;mpFlat:0.75,,,,"[{""on"":""cast"",""chance"":15,""acts"":[{""act"":""mana"",""pctMax"":12}]}]",星火燎原，施法者的靈感湧現。,,屬性：魔法攻擊×0.75、火屬性傷害提升×0.75、法力值×0.75｜施放技能時有 15% 機率：回復 12% 最大法力
符文真言,rw_galeblade,疾風烈刃,2,,,,,風語;疾影;磐石,sword1h;dagger1h;magicSword1h,aspd:1.08;critRate:0.65;atkPct:0.65,,,aspdMult:8,,快過風的刃，連風聲都追不上。,,屬性：攻擊速度×1.08、暴擊率×0.65、物理攻擊×0.65｜攻擊速度額外乘算 +8%（突破攻速上限）
符文真言,rw_thundergod,雷神之怒,2,,,,,雷鳴;血誓;鋼魄;夜幕,mainHand,atkPct:0.65;elemDmgLightning:1.08;critDmg:0.65,,,,"[{""on"":""hit"",""chance"":15,""acts"":[{""act"":""dmg"",""pct"":120,""elem"":""lightning"",""to"":""all""}]}]",神怒所至，雷霆不擇敵我之外。,,屬性：物理攻擊×0.65、雷屬性傷害提升×1.08、暴擊傷害×0.65｜普通攻擊命中時有 15% 機率：對所有敵人造成 120% 雷電傷害
符文真言,rw_winterherald,凜冬使者,2,,,,,霜痕;霜痕;靈泉,caster,matkPct:0.87;elemDmgIce:1.3;cdr:0.43,,,dmgCtrlPct:15,"[{""on"":""hit"",""chance"":20,""acts"":[{""act"":""stun"",""sec"":1.5}]}]",冬天來了，所過之處萬物凝結。,,屬性：魔法攻擊×0.87、冰屬性傷害提升×1.3、冷卻縮減×0.43｜對暈眩或緩速中的敵人傷害 +15%；普通攻擊命中時有 20% 機率：目標暈眩 1.5 秒
符文真言,rw_bloodgulp,血飲者,2,,,,,血誓;暗影;疾影,mainHand,lifesteal:1.3;atkPct:0.87;critRate:0.43,,,killHealPct:3;dmgSelfLowPct:25,,越是瀕死，越是渴血。,,屬性：吸血×1.3、物理攻擊×0.87、暴擊率×0.43｜擊殺敵人時回復 3% 最大生命；生命低於 35% 時，傷害 +25%
符文真言,rw_unmoving,不動山,2,,,,,巖心;磐石;鋼魄,chest,hpPct:1.3;defPct:1.3;pRes:0.43,,,maxHitPct:40,,任憑千鈞一擊，山自巍然。,,屬性：生命值×1.3、物理防禦×1.3、物理抗性×0.43｜單次受到的傷害最多只會是最大生命的 40%
符文真言,rw_shadowstep,影步,2,,,,,暗影;疾影;夜幕,boots;legs,evasion:1.52;hit:0.87;hpPct:0.65,,,,"[{""on"":""hurt"",""chance"":15,""cd"":10,""acts"":[{""act"":""invuln"",""sec"":1}]}]",一步踏入影中，攻擊落了空。,,屬性：閃避率×1.52、命中率×0.87、生命值×0.65｜受到傷害時有 15% 機率：無敵 1 秒（內建冷卻 10 秒）
符文真言,rw_dawncrown,旭日之冠,2,,,,,曙光;聖輝;靈泉,helmet,hpPct:0.87;mpFlat:1.3;resAll:0.43,,,,"[{""on"":""tick"",""every"":10,""acts"":[{""act"":""heal"",""pctMax"":8},{""act"":""mana"",""pctMax"":8}]}]",戴上旭日，每一刻都是黎明。,,屬性：生命值×0.87、法力值×1.3、全屬性抗性×0.43｜每 10 秒：回復 8% 最大生命，回復 8% 最大法力
符文真言,rw_poisoncloud,毒雲,2,,,,,毒牙;毒牙;靈泉,caster,matkPct:0.87;elemDmgPoison:1.3;mPen:0.13,,,,"[{""on"":""cast"",""chance"":25,""acts"":[{""act"":""dot"",""pct"":60,""sec"":4,""name"":""poison"",""to"":""all""}]}]",施法之後，毒霧久久不散。,,屬性：魔法攻擊×0.87、毒屬性傷害提升×1.3、魔法穿透×0.13｜施放技能時有 25% 機率：對所有敵人施加中毒（每秒 60% 攻擊力，4 秒）
符文真言,rw_awakening,驚蟄,2,,,,,風語;雷鳴;疾影,gloves,aspd:1.3;critRate:0.87;atkPct:0.65,,,,"[{""on"":""crit"",""acts"":[{""act"":""buff"",""sid"":""aspdUp"",""val"":12,""sec"":3,""max"":3}]}]",一聲春雷，萬蟲驚動。,,屬性：攻擊速度×1.3、暴擊率×0.87、物理攻擊×0.65｜普通攻擊暴擊時：獲得「攻速」+12%（3 秒，最多 3 層）
符文真言,rw_ironoath,重甲鐵誓,2,,,,,磐石;鋼魄;血誓,shoulder,hpPct:1.08;defPct:0.87;pRes:0.43,thorns:12,,,"[{""on"":""hurt"",""chance"":20,""cd"":3,""acts"":[{""act"":""dmg"",""pct"":100,""type"":""phys"",""to"":""attacker""}]}]",以鐵起誓，傷我者必以鐵還之。,,屬性：生命值×1.08、物理防禦×0.87、物理抗性×0.43｜反震 12%；受到傷害時有 20% 機率：對攻擊者造成 100% 物理傷害（內建冷卻 3 秒）
符文真言,rw_gambler,賭徒之戒,2,,,,,微光;疾影;夜幕;鋼魄,ring,luck:1.3;critRate:0.87;critDmg:1.08;loot:0.87,,,runeFindPct:15,,全押。贏了拿走一切，輸了也不過一場好戲。,,屬性：幸運值×1.3、暴擊率×0.87、暴擊傷害×1.08、掉寶率×0.87｜符文掉落率 +15%
符文真言,rw_guardian,守護者之盾,2,,,,,磐石;鋼魄;巖心;曙光,shield,blockRate:1.3;blockDmgRed:1.3;hpPct:0.87,,,,"[{""on"":""block"",""chance"":40,""acts"":[{""act"":""dmg"",""pct"":200,""type"":""phys"",""to"":""attacker""}]}]",盾不是為了後退，是為了把力量還給對方。,,屬性：格擋率×1.3、格擋減傷×1.3、生命值×0.87｜格擋成功時有 40% 機率：對攻擊者造成 200% 物理傷害
符文真言,rw_arcaneecho,奧術迴響,2,,,,,靈泉;曙光;靈泉;聖輝,focus;spellbook;orb,matkPct:1.3;mpFlat:1.3;cdr:0.87,,,,"[{""on"":""cast"",""chance"":20,""acts"":[{""act"":""cdr"",""sec"":1.5}]}]",咒語落下之後，還在空氣裡迴盪。,,屬性：魔法攻擊×1.3、法力值×1.3、冷卻縮減×0.87｜施放技能時有 20% 機率：所有技能冷卻縮短 1.5 秒
符文真言,rw_smith,鐵匠之魂,2,,,,,靈泉;鋼魄;磐石,amulet,gemEff:1.3;affixCap:0.87;enhanceSuccess:1.3,,,,,鎚聲不絕，鋼與靈魂同鍛。,,屬性：寶石鑲嵌效率×1.3、詞條上限率×0.87、強化成功率×1.3
符文真言,rw_apocalypse,天啟,3,,,,,血誓;鋼魄;蒼穹;熔岩,mainHand,atkPct:1.1;matkPct:1.1;critDmg:1.1;bossDmg:1.1,,,dmgPct:18;aspdMult:10,,號角響起，審判降臨。,,屬性：物理攻擊×1.1、魔法攻擊×1.1、暴擊傷害×1.1、對BOSS傷害×1.1｜造成的所有傷害 +18%；攻擊速度額外乘算 +10%（突破攻速上限）
符文真言,rw_soulcleaver,斷魂,3,,,,,鋼魄;嵐;厚土,twoHand,atkPct:1.47;critDmg:1.47;eliteDmg:1.1;pPen:0.18,,,dmgLoHpPct:60,"[{""on"":""hit"",""chance"":8,""acts"":[{""act"":""execute"",""hpBelow"":15}]}]",一刀兩斷，魂亦分離。,,屬性：物理攻擊×1.47、暴擊傷害×1.47、對菁英傷害×1.1、物理穿透×0.18｜對生命低於 30% 的敵人傷害 +60%；普通攻擊命中時有 8% 機率：直接斬殺生命低於 15% 的非 BOSS 敵人
符文真言,rw_chainstorm,連環雷暴,3,,,,,雷鳴;疾影;雷鳴;烈陽,caster,matkPct:1.1;elemDmgLightning:1.1;elemDmgWind:0.73;mPen:0.18,,,,"[{""on"":""crit"",""chance"":30,""acts"":[{""act"":""dmg"",""pct"":120,""elem"":""lightning"",""to"":""all""}]},{""on"":""cast"",""chance"":25,""acts"":[{""act"":""dmg"",""pct"":100,""elem"":""lightning"",""to"":""rand"",""n"":3}]}]",雷與風相纏，一環扣一環。,,屬性：魔法攻擊×1.1、雷屬性傷害提升×1.1、風屬性傷害提升×0.73、魔法穿透×0.18｜普通攻擊暴擊時有 30% 機率：對所有敵人造成 120% 雷電傷害；施放技能時有 25% 機率：對隨機 3 名敵人造成 100% 雷電傷害
符文真言,rw_timewarden,時之守望,3,,,,,寒月;嵐;寒月;靈泉,focus;spellbook;orb,cdr:1.47;matkPct:1.1;mpRegen:1.1;hpPct:0.73,,,cdPct:20,"[{""on"":""kill"",""acts"":[{""act"":""cdr"",""sec"":1}]}]",守望者拾起墜落的時間，替你多留一點。,,屬性：冷卻縮減×1.47、魔法攻擊×1.1、法力恢復/秒×1.1、生命值×0.73｜所有技能冷卻時間 -20%（乘算，突破冷卻縮減上限）；擊殺敵人時：所有技能冷卻縮短 1 秒
符文真言,rw_lastbreath,絕境,3,,,,,磐石;厚土;寒月,chest,hpPct:1.47;defPct:1.28;mdefPct:1.28;globalDmgRed:0.73,,,,"[{""on"":""lowhp"",""below"":30,""cd"":90,""acts"":[{""act"":""invuln"",""sec"":3},{""act"":""heal"",""pctMax"":30},{""act"":""cleanse""}]}]",退無可退之處，才是真正的開始。,,屬性：生命值×1.47、物理防禦×1.28、魔法防禦×1.28、全局減傷×0.73｜生命低於 30% 時：無敵 3 秒，回復 30% 最大生命，淨化負面狀態（內建冷卻 90 秒）
符文真言,rw_swarmhunter,群獵,3,,,,,疾影;驚蟄;熔岩;夜幕,mainHand,aspd:0.92;atkPct:0.92;critRate:0.55;aoeDmg:0.73,,,dmgPerFoePct:5;splashPct:20,,獸群越多，獵人越是興奮。,,屬性：攻擊速度×0.92、物理攻擊×0.92、暴擊率×0.55、範圍傷害×0.73｜場上每多一名敵人，傷害 +5%（最多計 10 名）；普通攻擊同時對其他所有敵人造成 20% 的傷害
符文真言,rw_assassin,影殺,3,,,,,暗影;夜幕;疾影;厚土,dagger1h,critRate:0.55;critDmg:0.73;atkPct:0.73;evasion:0.55,,knifeShadowblade;knifeChain,dmgHiHpPct:20,,刀影分裂成雙，雙影各自找到了喉嚨。,,屬性：暴擊率×0.55、暴擊傷害×0.73、物理攻擊×0.73、閃避率×0.55｜對生命高於 70% 的敵人傷害 +20%；傳奇特效【影刃】：射出的飛刀數量 +2 把。；傳奇特效【連鎖】：飛刀的彈射數 +2 次。
符文真言,rw_manafountain,魔泉,3,,,,,靈泉;寒月;蒼穹,helmet;amulet,mpFlat:1.47;mpRegen:1.47;matkPct:0.92,,,manaCostRedPct:40;killManaPct:3,,魔力不是用完的，是流過的。,,屬性：法力值×1.47、法力恢復/秒×1.47、魔法攻擊×0.92｜技能法力消耗 -40%；擊殺敵人時回復 3% 最大法力
符文真言,rw_thornedfury,荊棘之怒,3,,,,,磐石;熔岩;厚土;鋼魄,chest;shield,hpPct:1.28;defPct:1.28;pRes:0.73,thorns:35,,,"[{""on"":""hurt"",""chance"":25,""cd"":2,""acts"":[{""act"":""dmg"",""pct"":150,""type"":""phys"",""to"":""all""}]}]",怒意生出荊棘，連空氣都帶刺。,,屬性：生命值×1.28、物理防禦×1.28、物理抗性×0.73｜反震 35%；受到傷害時有 25% 機率：對所有敵人造成 150% 物理傷害（內建冷卻 2 秒）
符文真言,rw_bossbane,弒王者,3,,,,,蒼穹;血誓;鋼魄,mainHand,bossDmg:1.83;eliteDmg:1.47;atkPct:0.92;matkPct:0.92,,,dmgHiHpPct:40;dmgSoloPct:40,,王座再高，也有人要把它拆了。,,屬性：對BOSS傷害×1.83、對菁英傷害×1.47、物理攻擊×0.92、魔法攻擊×0.92｜對生命高於 70% 的敵人傷害 +40%；場上只有一名敵人時，傷害 +40%
符文真言,rw_vitalpact,生命契約,3,,,,,血誓;暗影;厚土,jewelry,hpPct:1.47;lifesteal:1.47;hpRegen:1.47,,,killHealPct:6;dmgSelfFullPct:25,,契約的對價是活著，且活得很好。,,屬性：生命值×1.47、吸血×1.47、生命恢復/秒×1.47｜擊殺敵人時回復 6% 最大生命；生命高於 90% 時，傷害 +25%
符文真言,rw_shieldwall,護盾牆,3,,,,,蒼穹;磐石;蒼穹;厚土,chest;shoulder;helmet,shieldEff:1.83;hpPct:1.1;globalDmgRed:0.92,,,,"[{""on"":""tick"",""every"":8,""acts"":[{""act"":""shield"",""pctMax"":20,""sec"":8}]}]",牆起，風止。,,屬性：護盾效率×1.83、生命值×1.1、全局減傷×0.92｜每 8 秒：獲得相當於 20% 最大生命的護盾（8 秒）
符文真言,rw_elemental,元素之環,3,,,,,霜痕;烈陽;嵐,ring,elemDmgFire:0.66;elemDmgIce:0.66;elemDmgLightning:0.66;elemDmgWind:0.66;elemDmgPoison:0.66,,,dmgPct:10,,五元素各執一角，在指尖上取得平衡。,,屬性：火屬性傷害提升×0.66、冰屬性傷害提升×0.66、雷屬性傷害提升×0.66、風屬性傷害提升×0.66、毒屬性傷害提升×0.66｜造成的所有傷害 +10%
符文真言,rw_blitz,閃擊,3,,,,,疾影;驚蟄;風語,mainHand,aspd:1.47;critRate:1.1;hit:0.73,,,aspdMult:15,"[{""on"":""hit"",""every"":6,""acts"":[{""act"":""castRandom""}]}]",揮刀太快，連技能都被牽著走。,,屬性：攻擊速度×1.47、暴擊率×1.1、命中率×0.73｜攻擊速度額外乘算 +15%（突破攻速上限）；每 6 次普通攻擊命中：免費施放一個隨機的已裝配技能
符文真言,rw_quake,地裂,4,,,,,巖心;磐石;厚土;雷霆;星辰,twoHand,atkPct:1.2;eliteDmg:0.9;pPen:0.18;critDmg:0.9,,rockEarthHeart,dmgHiHpPct:30,"[{""on"":""hit"",""chance"":8,""acts"":[{""act"":""dmg"",""pct"":220,""type"":""phys"",""to"":""all""}]}]",大地在刀下裂開，裂縫一路追著敵人。,,屬性：物理攻擊×1.2、對菁英傷害×0.9、物理穿透×0.18、暴擊傷害×0.9｜對生命高於 70% 的敵人傷害 +30%；普通攻擊命中時有 8% 機率：對所有敵人造成 220% 物理傷害；傳奇特效【大地之心】：當你的生命護盾降至 0 時獲得無敵 2 秒；此效果每 30 秒只能觸發 1 次。
符文真言,rw_galeeye,風暴之眼,4,,,,,風語;驚蟄;嵐;虛空;命運,twoHand,aspd:1.35;critRate:1.05;atkPct:1.05;aoeDmg:0.75,,stormbarrierCore,aspdMult:18,"[{""on"":""crit"",""acts"":[{""act"":""buff"",""sid"":""aspdUp"",""val"":12,""sec"":4,""max"":4}]}]",風暴中央最安靜，刀卻最快。,,屬性：攻擊速度×1.35、暴擊率×1.05、物理攻擊×1.05、範圍傷害×0.75｜攻擊速度額外乘算 +18%（突破攻速上限）；普通攻擊暴擊時：獲得「攻速」+12%（4 秒，最多 4 層）；傳奇特效【風暴核心】：【暴風神體】的持續時間 +50%。
符文真言,rw_bloodrite,血祭,4,,,,,血誓;暗影;厚土;冰魄;虛空,twoHand,atkPct:1.35;lifesteal:1.35;critDmg:1.35;hpPct:0.9,,bloodVenomRite,killHealPct:8;dmgSelfLowPct:60;dmgPct:30,,以血為祭，戰場上的每一滴都算數。,,屬性：物理攻擊×1.35、吸血×1.35、暴擊傷害×1.35、生命值×0.9｜擊殺敵人時回復 8% 最大生命；生命低於 35% 時，傷害 +60%；造成的所有傷害 +30%；傳奇特效【毒血祭】：血刃斬的中毒每感染 1 個敵人就使自身生命值 -1%，但造成的中毒與流血傷害提高 50%。
符文真言,rw_reincarnation,輪迴,4,,,,,命運;輪迴;永恆;創生,chest,hpPct:1.2;defPct:1.2;mdefPct:1.2,,counterOath,reviveHpPct:60;reviveCdSec:180;reviveInvulnSec:3;reviveDmgPct:60;reviveDmgSec:10;reviveRefresh:1,,死亡只是下一次輪迴的開場白。,,屬性：生命值×1.2、物理防禦×1.2、魔法防禦×1.2｜死亡時以 60% 生命復活並淨化，無敵 3 秒，所有技能冷卻重置，之後 10 秒內傷害 +60%，冷卻 180 秒；傳奇特效【堅韌誓言】：反擊 100 次後獲得無敵狀態，持續 3 秒。
符文真言,rw_timeloop,時之沙,4,,,,,虛空;輪迴;永恆,amulet,cdr:1.5;mpRegen:1.5;matkPct:0.9,,vacuumFlux,cdPct:45;maxHpPct:-20,"[{""on"":""cast"",""chance"":25,""acts"":[{""act"":""recast""}]}]",沙漏倒過來了。代價是你的生命，也在一起流。,,屬性：冷卻縮減×1.5、法力恢復/秒×1.5、魔法攻擊×0.9｜所有技能冷卻時間 -45%（乘算，突破冷卻縮減上限）；最大生命 -20%（乘算，代價）；施放技能時有 25% 機率：免費再施放一次剛施放的技能；傳奇特效【虛空漲落】：【虛空斬】的持續時間 +3 秒。
符文真言,rw_bloodmoon,血月,4,,,,,夜幕;熔岩;雷霆;命運,mainHand,atkPct:0.9;matkPct:0.9;critDmg:0.9;lifesteal:0.6,,rageBurnBlood,dmgPct:60;selfDrainPct:2;killHealPct:8;maxHpPct:-30,,血月當空，誰先流盡誰先倒下。,,屬性：物理攻擊×0.9、魔法攻擊×0.9、暴擊傷害×0.9、吸血×0.6｜造成的所有傷害 +60%；代價：每秒損失 2% 最大生命（不會致死）；擊殺敵人時回復 8% 最大生命；最大生命 -30%（乘算，代價）；傳奇特效【燃血】：【血飲術】每造成 1 次自身生命損失就使你造成的傷害 +1%，最多疊 50 層，持續 4 秒。
符文真言,rw_arsenal,武庫,4,,,,,嵐;虛空;星辰,mainHand,aspd:0.9;atkPct:0.9;matkPct:0.9,,knifeSplitter,skillDmgPct:40,"[{""on"":""hit"",""every"":4,""acts"":[{""act"":""castRandom""}]},{""on"":""cast"",""chance"":15,""acts"":[{""act"":""recast""}]}]",每一次揮擊，都從武器庫裡抽出另一招。,,屬性：攻擊速度×0.9、物理攻擊×0.9、魔法攻擊×0.9｜技能傷害 +40%；每 4 次普通攻擊命中：免費施放一個隨機的已裝配技能；施放技能時有 15% 機率：免費再施放一次剛施放的技能；傳奇特效【分裂者】：飛刀殺死敵人時會分裂出 2 把小型飛刀，每把造成 50% 傷害，且可彈射 2 次。
符文真言,rw_thunderemperor,雷帝,4,,,,,雷霆;雷鳴;虛空;創生,caster,matkPct:0.9;elemDmgLightning:1.05;critRate:0.6,,chainlightningOverload,dmgCtrlPct:10,"[{""on"":""tick"",""every"":3,""acts"":[{""act"":""dmg"",""pct"":120,""elem"":""lightning"",""to"":""rand"",""n"":3}]},{""on"":""crit"",""acts"":[{""act"":""stun"",""sec"":1,""to"":""all""}]}]",帝王不需親自出手，雷霆自會代勞。,,屬性：魔法攻擊×0.9、雷屬性傷害提升×1.05、暴擊率×0.6｜對暈眩或緩速中的敵人傷害 +10%；每 3 秒：對隨機 3 名敵人造成 120% 雷電傷害；普通攻擊暴擊時：所有敵人暈眩 1 秒；傳奇特效【過載】：同一個敵人受到 5 次連鎖閃電的彈射後產生爆炸，對周圍 6 米內的敵人造成 200% 雷電傷害。
符文真言,rw_lonewolf,孤狼,4,,,,,蒼穹;雷霆;星辰,mainHand,critDmg:1.05;atkPct:0.9;bossDmg:1.05,,sunpiercerLance,dmgSoloPct:80;dmgHiHpPct:40;cdPct:15,,孤狼只獵王者。獵物以外，一概不理。,,屬性：暴擊傷害×1.05、物理攻擊×0.9、對BOSS傷害×1.05｜場上只有一名敵人時，傷害 +80%；對生命高於 70% 的敵人傷害 +40%；所有技能冷卻時間 -15%（乘算，突破冷卻縮減上限）；傳奇特效【貫日之刺】：四方突刺改為朝前方的 1 道巨型突刺，突刺範圍 +100%，且造成的傷害 +100%。
符文真言,rw_starfall,星墜,4,,,,,虛空;冰魄;星辰;輪迴,staff2h,matkPct:1.05;elemDmgFire:0.75;elemDmgIce:0.75;mPen:0.18,,fireballBurst,,"[{""on"":""tick"",""every"":3,""acts"":[{""act"":""dmg"",""pct"":150,""elem"":""random"",""to"":""rand"",""n"":5}]}]",夜空翻面，群星墜落成雨。,,屬性：魔法攻擊×1.05、火屬性傷害提升×0.75、冰屬性傷害提升×0.75、魔法穿透×0.18｜每 3 秒：對隨機 5 名敵人造成 150% 隨機元素傷害；傳奇特效【爆裂】：【火球爆裂】會額外產生 3 個小火球。
符文真言,rw_chaoslord,混沌之主,4,,,,,虛空;永恆;混沌,jewelry,resAll:0.9;luck:1.2;critRate:0.9,,mireCorrupt,skillDmgPct:25,"[{""on"":""cast"",""acts"":[{""act"":""buffRandom"",""sec"":8,""from"":[{""sid"":""atkUp"",""val"":25},{""sid"":""aspdUp"",""val"":25},{""sid"":""critDmgUp"",""val"":60},{""sid"":""defUp"",""val"":40},{""sid"":""evasionUp"",""val"":30},{""sid"":""allDmgUp"",""val"":20}]}]}]",混沌不問因果，每一次施法都是一場賭局。,,屬性：全屬性抗性×0.9、幸運值×1.2、暴擊率×0.9｜技能傷害 +25%；施放技能時：隨機獲得一種增益（攻擊／攻速／爆傷／防禦／閃避／所有傷害，8 秒）；傳奇特效【腐化】：在泥沼術範圍內所有受到控場的敵人，受到的傷害 +30%。
符文真言,rw_dragonslayer,屠龍者,4,,,,,星辰;永恆;混沌,twoHand,atkPct:0.75;bossDmg:1.5;critDmg:0.75;pPen:0.24,,galeExecute,dmgHiHpPct:50;dmgPct:25,"[{""on"":""crit"",""chance"":20,""acts"":[{""act"":""dmg"",""pct"":250,""type"":""phys"",""to"":""target""}]}]",巨龍的鱗片，就是為了被一劍貫穿而生。,,屬性：物理攻擊×0.75、對BOSS傷害×1.5、暴擊傷害×0.75、物理穿透×0.24｜對生命高於 70% 的敵人傷害 +50%；造成的所有傷害 +25%；普通攻擊暴擊時有 20% 機率：對目標造成 250% 物理傷害；傳奇特效【斬殺】：疾風斬有 35% 機率可立即殺死生命值 20% 以下的非 BOSS 敵人。
符文真言,rw_immortalbody,不朽之軀,4,,,,,永恆;終焉;輪迴;創生,armor,hpPct:1.5;globalDmgRed:0.9;resAll:0.9,,earthguardUndyingWill,maxHitPct:15;dmgPct:-20,"[{""on"":""lowhp"",""below"":40,""cd"":60,""acts"":[{""act"":""shield"",""pctMax"":40,""sec"":6},{""act"":""invuln"",""sec"":2}]}]",以出手的力量，換不會倒下的身軀。,,屬性：生命值×1.5、全局減傷×0.9、全屬性抗性×0.9｜單次受到的傷害最多只會是最大生命的 15%；造成的所有傷害 -20%；生命低於 40% 時：獲得相當於 40% 最大生命的護盾（6 秒），無敵 2 秒（內建冷卻 60 秒）；傳奇特效【不滅意志】：【天地共生】復活後的無敵時間內，每殺死 1 個敵人則無敵時間 +0.5 秒。
符文真言,rw_legion,萬軍,4,,,,,嵐;虛空;命運;永恆,greatsword2h;axe2h,atkPct:0.9;aspd:0.9;aoeDmg:0.6,,skyrendSlash,splashPct:50;dmgPerFoePct:6,,一人成軍，一劍橫掃萬軍。,,屬性：物理攻擊×0.9、攻擊速度×0.9、範圍傷害×0.6｜普通攻擊同時對其他所有敵人造成 50% 的傷害；場上每多一名敵人，傷害 +6%（最多計 10 名）；傳奇特效【裂空飛斬】：迴旋斬的斬擊會向外飛出 60 米，命中路徑上的敵人。
符文真言,rw_bladedancer,劍舞者,4,,,,,驚蟄;冰魄;虛空,twoHand,aspd:0.9;critRate:0.9;atkPct:0.9,,danceThousandCuts,aspdMult:15,,舞到最後一步時，才知道這是一場不能停的舞。,,屬性：攻擊速度×0.9、暴擊率×0.9、物理攻擊×0.9｜攻擊速度額外乘算 +15%（突破攻速上限）；傳奇特效【殺千刀】：雙刀亂舞每殺死 1 個敵人就使暴風之舞的持續時間 +0.2 秒。
符文真言,rw_voidwalker,虛空行者,4,,,,,虛空;命運;輪迴,boots,evasion:1.8;hit:1.2;hpPct:0.9,,windbladeVoidCut,dmgPct:25,"[{""on"":""hurt"",""chance"":30,""cd"":4,""acts"":[{""act"":""invuln"",""sec"":1.5},{""act"":""dmg"",""pct"":150,""elem"":""dark"",""to"":""all""}]}]",走進虛空的人，被攻擊的永遠是上一個位置。,,屬性：閃避率×1.8、命中率×1.2、生命值×0.9｜造成的所有傷害 +25%；受到傷害時有 30% 機率：無敵 1.5 秒，對所有敵人造成 150% 暗影傷害（內建冷卻 4 秒）；傳奇特效【斷空刃】：【暴風真空刃】每個方向改為連續射出 3 道風刃，且風刃傷害額外 +30%。
符文真言,rw_genesis,創世紀,4,,,,,永恆;混沌;創生;終焉,any,atkPct:0.9;matkPct:0.9;elemDmgFire:0.45;elemDmgIce:0.45;elemDmgLightning:0.45;elemDmgPoison:0.45;elemDmgLight:0.45;elemDmgDark:0.45;elemDmgEarth:0.45;elemDmgWind:0.45,,firepillarResonance,dmgPct:50;cdPct:20;aspdMult:15;manaCostRedPct:30,,最後一顆符文落下時，世界從頭開始。,,屬性：物理攻擊×0.9、魔法攻擊×0.9、火屬性傷害提升×0.45、冰屬性傷害提升×0.45、雷屬性傷害提升×0.45、毒屬性傷害提升×0.45、聖屬性傷害提升×0.45、暗屬性傷害提升×0.45、地屬性傷害提升×0.45、風屬性傷害提升×0.45｜造成的所有傷害 +50%；所有技能冷卻時間 -20%（乘算，突破冷卻縮減上限）；攻擊速度額外乘算 +15%（突破攻速上限）；技能法力消耗 -30%；傳奇特效【火龍共鳴】：場上每存在 1 道火龍捲，所有火龍捲造成的傷害 +4%。
符文真言,rw_worldend,滅世,4,,,,,熔岩;虛空;命運;永恆;混沌,twoHand,atkPct:1.05;critDmg:1.05;bossDmg:1.05;aoeDmg:0.6,,thunderorbFallCount,dmgPct:18;splashPct:15,"[{""on"":""crit"",""chance"":10,""acts"":[{""act"":""dmg"",""pct"":250,""type"":""phys"",""to"":""all""}]}]",舉刀之時，終局已定。,,屬性：物理攻擊×1.05、暴擊傷害×1.05、對BOSS傷害×1.05、範圍傷害×0.6｜造成的所有傷害 +18%；普通攻擊同時對其他所有敵人造成 15% 的傷害；普通攻擊暴擊時有 10% 機率：對所有敵人造成 250% 物理傷害；傳奇特效【雷殞落】：【雷殞天落】降下的雷球數量 +1 顆。
符文真言,rw_stargate,星門,4,,,,,嵐;雷霆;星辰;輪迴;永恆,staff2h,matkPct:1.5;elemDmgLightning:0.75;elemDmgWind:0.75;cdr:1.05;mPen:0.18,,thunderstrikeRebirth,cdPct:25;skillDmgPct:40,"[{""on"":""cast"",""chance"":20,""acts"":[{""act"":""recast""}]}]",星門開啟，咒語在兩端同時落下。,,屬性：魔法攻擊×1.5、雷屬性傷害提升×0.75、風屬性傷害提升×0.75、冷卻縮減×1.05、魔法穿透×0.18｜所有技能冷卻時間 -25%（乘算，突破冷卻縮減上限）；技能傷害 +40%；施放技能時有 20% 機率：免費再施放一次剛施放的技能；傳奇特效【雷之再生】：【迅雷重生】的機率提高至 100%。
符文真言,rw_divinewrath,神罰,4,,,,,蒼穹;冰魄;輪迴;混沌;終焉,twoHand,atkPct:0.9;bossDmg:1.5;elemDmgLight:0.9;critRate:0.6,smite:20,firehuntHunter,dmgHiHpPct:40,"[{""on"":""crit"",""chance"":15,""acts"":[{""act"":""dmg"",""pct"":350,""elem"":""light"",""to"":""target""}]}]",審判不問理由，只問罪行。,,屬性：物理攻擊×0.9、對BOSS傷害×1.5、聖屬性傷害提升×0.9、暴擊率×0.6｜天罰 20%；對生命高於 70% 的敵人傷害 +40%；普通攻擊暴擊時有 15% 機率：對目標造成 350% 聖光傷害；傳奇特效【狩獵者】：你的火狩數量減半（無條件進位，至少 1 團），但造成的傷害額外 +150%。
符文真言,rw_permafrost,永凍,4,,,,,寒月;冰魄;永恆,caster,matkPct:1.35;elemDmgIce:1.5;cdr:0.9,,frostnovaWinterFrost,dmgCtrlPct:45,"[{""on"":""hit"",""chance"":15,""acts"":[{""act"":""stun"",""sec"":1.5}]}]",時間在這裡結了冰，連呼吸都慢了下來。,,屬性：魔法攻擊×1.35、冰屬性傷害提升×1.5、冷卻縮減×0.9｜對暈眩或緩速中的敵人傷害 +45%；普通攻擊命中時有 15% 機率：目標暈眩 1.5 秒；傳奇特效【凜冬寒霜】：暴風雪持續時間內會不斷對範圍內的敵人施加寒霜狀態，且寒霜狀態傷害 +30%。
符文真言,rw_glacier,冰川,4,,,,,霜痕;雷霆;命運,caster,matkPct:1.05;elemDmgIce:0.9;critDmg:0.9;bossDmg:0.9,,icearrowDeepFreeze,dmgHiHpPct:40;dmgCtrlPct:20,"[{""on"":""crit"",""chance"":25,""acts"":[{""act"":""dmg"",""pct"":200,""elem"":""ice"",""to"":""target""}]}]",冰川緩慢，但它走過的地方什麼都不剩。,,屬性：魔法攻擊×1.05、冰屬性傷害提升×0.9、暴擊傷害×0.9、對BOSS傷害×0.9｜對生命高於 70% 的敵人傷害 +40%；對暈眩或緩速中的敵人傷害 +20%；普通攻擊暴擊時有 25% 機率：對目標造成 200% 冰霜傷害；傳奇特效【深度凍結】：寒冰箭擊中暈眩或凍結的敵人造成的傷害 +50%。
符文真言,rw_tidecall,潮汐,4,,,,,暗影;靈泉;永恆,jewelry,mpRegen:1.5;hpRegen:1.5;matkPct:0.9;cdr:0.9,,waterballTornado,killManaPct:4;manaCostRedPct:25,"[{""on"":""tick"",""every"":6,""acts"":[{""act"":""heal"",""pctMax"":6},{""act"":""mana"",""pctMax"":10}]}]",潮來潮去，每一次都帶走疲憊、留下力量。,,屬性：法力恢復/秒×1.5、生命恢復/秒×1.5、魔法攻擊×0.9、冷卻縮減×0.9｜擊殺敵人時回復 4% 最大法力；技能法力消耗 -25%；每 6 秒：回復 6% 最大生命，回復 10% 最大法力；傳奇特效【水龍勢】：水流彈擊中時有 10% 機率在目標處形成 1 道水龍捲，造成 4 段 100% 寒冰傷害。
