群組ID,群組名稱,階段名稱,群組圖標,階數,解鎖轉生/等級,超神ID,range,施放距離（米）,施放距離每級增加（米）,作用距離（米；用途見說明）,作用距離每級增加（米）,每段或每跳間隔（秒）,間隔每級增減（秒）,矩形長度（米）,矩形長度每級增加（米）,矩形寬度（米）,矩形寬度每級增加（米）,扇形角度（度）,角度每級增減（度）,傷害類型,傷害屬性,冷卻時間,施法消耗,施放特效,攻擊特效,飛行子彈,受擊特效,地板特效,持續場域特效,效果參數(JSON),升級金幣基數,升級金幣倍率,效果說明模板,作用方式與距離用途（唯讀說明）
thrust,突刺,突刺,🗡️,1,0|1,,12*3,,,,,,,,,,,,,,,15,25,,slash-thrust-lance,,hit-phys,,,"{""pct"":150,""pctPer"":15,""count"":2}",100000,1.5,對前方敵人造成 {count} 次 {pct}% 物理傷害,對前方敵人造成 {count} 次 {pct}% 物理傷害
thrust,突刺,連刺,🗡️,2,0|1,,12*3,,,,,,,,,,,,,,,15,40,,,,,,,"{""chance"":25,""chancePer"":2.5,""count"":2}",200000,1.5,有 {chance}% 的機率再次進行 {count} 次突刺,有 {chance}% 的機率再次進行 {count} 次突刺
thrust,突刺,傷害強化,🗡️,3,0|50,,12*3,,,,,,,,,,,,,,,15,60,,slash-thrust-empowered,,hit-phys,,,"{""pct"":20,""pctPer"":3}",400000,1.5,進一步強化突刺傷害，額外 +{pct}% 物理傷害（與第 1 階累加）,進一步強化突刺傷害，額外 +{pct}% 物理傷害（與第 1 階累加）
thrust,突刺,超連刺,🗡️,4,0|100,,12*3,,,,,,,,,,,,,,,15,80,,slash-thrust-empowered,,hit-phys,,,"{""count"":3,""range"":20,""rangePer"":2}",800000,1.5,每次能進行 {count} 道平行貫穿突刺，且突刺範圍提升 {range}%,每次能進行 {count} 道平行貫穿突刺，且突刺範圍提升 {range}%
thrust,突刺,擴散,🗡️,5,0|150,,12*3,,,,,,,,,,,,,,,15,100,,slash-thrust-scatter,,hit-phys,,,"{""pct"":20,""pctPer"":2,""count"":4}",1500000,1.5,突刺造成的傷害有 {pct}% 會擴散至周圍的 {count} 個敵人,突刺造成的傷害有 {pct}% 會擴散至周圍的 {count} 個敵人
thrust,突刺,貫穿突刺,🗡️,6,0|200,,12*3,,,5,0.5,,,,,,,,,,,15,140,,slash-thrust-scatter,,hit-phys,,,{},3000000,1.5,突刺會造成一直線的傷害，貫穿路徑上所有敵人，貫穿長度在原本長度上再增加 {m} 米,突刺會造成一直線的傷害，貫穿路徑上所有敵人，貫穿長度在原本長度上再增加 {m} 米
thrust,突刺,八方連刺,🗡️,7,0|250,,12*3,,,,,,,,,,,,,,,15,240,,slash-thrust-scatter,,hit-phys,,,"{""pct"":20,""pctPer"":2,""count"":3,""directions"":8}",5000000,1.5,向八個方向同時進行 {count} 次突刺，且造成傷害額外 +{pct}%,向八個方向同時進行 {count} 次突刺，且造成傷害額外 +{pct}%
thrust,,幻影八方陣,,8,,phantomOcta,,,,6,0.6,,,,,,,,,,,,300,,,,,,,"{""dodge"":30,""sec"":2}",10000000,1.5,突刺命中時，傷害同時擴散至該敵人周圍 {m} 米內的所有敵人；施放突刺後 {sec} 秒內，你有 {dodge}% 機率絕對閃避敵方攻擊,突刺命中時，傷害同時擴散至該敵人周圍 {m} 米內的所有敵人；施放突刺後 {sec} 秒內，你有 {dodge}% 機率絕對閃避敵方攻擊
thrust,,暗影絕殺者,,9,,shadowExecutioner,,,,,,,,,,,,,,,,,300,,,,,,,"{""perStack"":1,""perStackPer"":0.2,""maxStacks"":100,""pct"":100,""pctPer"":20,""dur"":30}",10000000,1.5,突刺命中時堆疊【靈魂撕裂】：每層使該敵人受到的傷害提高 {perStack}%，最多 {maxStacks} 層（疊滿＝+{pct}%）,突刺命中時堆疊【靈魂撕裂】：每層使該敵人受到的傷害提高 {perStack}%，最多 {maxStacks} 層（疊滿＝+{pct}%）
thrust,,一擊必殺,,10,,oneStrikeKill,,,,,,,,,,,,,,,,,300,,,,,,,"{""mult"":4,""multPer"":0.4}",10000000,1.5,【八方連刺】改為朝前方的 1 道突刺，但傷害改為 {mult} 倍，且可以立即殺死普通敵人,【八方連刺】改為朝前方的 1 道突刺，但傷害改為 {mult} 倍，且可以立即殺死普通敵人
cleave,迴旋斬,迴旋斬,🪓,1,0|1,,,,,,,,,,,,,,,,,15,25,,slash-cleave-arc,,hit-phys,,,"{""pct"":200,""pctPer"":20}",100000,1.5,對範圍內的所有敵人造成 1 次 {pct}% 物理傷害,對範圍內的所有敵人造成 1 次 {pct}% 物理傷害
cleave,迴旋斬,強化斬,🪓,2,0|1,,,,,,,,,,,,,,,,,15,40,,,,,,,"{""range"":15,""rangePer"":1.5}",200000,1.5,斬擊範圍擴大 {range}%（每級 +1.5% 範圍）,斬擊範圍擴大 {range}%（每級 +1.5% 範圍）
cleave,迴旋斬,傷害強化,🪓,3,0|50,,,,,,,,,,,,,,,,,15,60,,,,,,,"{""pct"":50,""pctPer"":5}",400000,1.5,進一步強化斬擊傷害，額外 +{pct}% 物理傷害,進一步強化斬擊傷害，額外 +{pct}% 物理傷害
cleave,迴旋斬,連斬,🪓,4,0|100,,,,,,,,,,,,,,,,,15,80,,,,,,,"{""chance"":25,""chancePer"":2.5,""times"":2,""timesPer"":0.25}",800000,1.5,斬擊時有 {chance}% 機率連續劈出共 {times} 次斬擊（不足 1 次的部分以機率觸發）,斬擊時有 {chance}% 機率連續劈出共 {times} 次斬擊（不足 1 次的部分以機率觸發）
cleave,迴旋斬,暈眩擊,🪓,5,0|150,,,,,,,,,,,,,,,,,15,100,,slash-cleave-stun,,,,,"{""chance"":25,""chancePer"":1,""sec"":1,""secPer"":0.1}",1500000,1.5,斬擊時有 {chance}% 機率擊暈敵人 {sec} 秒,斬擊時有 {chance}% 機率擊暈敵人 {sec} 秒
cleave,迴旋斬,震碎斬,🪓,6,0|200,,,,,12,0.5,,,,,,,,,,,15,140,,slash-cleave-stun,,hit-phys,,,{},3000000,1.5,斬擊會向前飛出 {m} 米距離，命中路徑上的敵人,斬擊會向前飛出 {m} 米距離，命中路徑上的敵人
cleave,迴旋斬,迴身四方斬,🪓,7,0|250,,,,,,,,,,,,,,,,,15,240,,slash-cleave-stun,,hit-phys,,,"{""pct"":50,""pctPer"":5,""times"":3,""timesPer"":0}",5000000,1.5,同時朝前後左右四個方向各使出 {times} 次斬擊，且傷害額外 +{pct}%（每級 +5% 傷害；與原有傷害乘法計算）,同時朝前後左右四個方向各使出 {times} 次斬擊，且傷害額外 +{pct}%（每級 +5% 傷害；與原有傷害乘法計算）
cleave,,虛空碎裂斬,,8,,voidShatter,,,,,,,,,,,,,,,,,300,,,,,,,"{""times"":1,""timesPer"":0.2,""pct"":50,""pctPer"":5}",10000000,1.5,【迴身四方斬】的攻擊次數 +{times} 次，且物理傷害再額外 +{pct}%,【迴身四方斬】的攻擊次數 +{times} 次，且物理傷害再額外 +{pct}%
cleave,,逐風者,,9,,windChaser,,,,4,,0.4,,,,,,,,,,,300,,,,,ground-tornado-wind,,"{""hits"":4,""hitsPer"":0.4,""pct"":100,""pctPer"":10}",10000000,1.5,迴旋斬每命中 1 次，就在該敵人所在位置生成一道龍捲風：對半徑 {m} 米內的敵人造成 {hits} 段、每段 {pct}% 風系傷害,迴旋斬每命中 1 次，就在該敵人所在位置生成一道龍捲風：對半徑 {m} 米內的敵人造成 {hits} 段、每段 {pct}% 風系傷害
cleave,,天霸風神斬,,10,,stormGodSlash,,,,,,,,,,,,,,,,,300,,,,,,,"{""sec"":8,""secPer"":-0.5,""range"":30}",10000000,1.5,迴旋斬範圍擴大 {range}%，並改為被動技能：不再主動施放，改為每 {sec} 秒自動施放 1 次（每級施放間隔 -0.5 秒，仍需裝配在技能列才生效）,迴旋斬範圍擴大 {range}%，並改為被動技能：不再主動施放，改為每 {sec} 秒自動施放 1 次（每級施放間隔 -0.5 秒，仍需裝配在技能列才生效）
knife,飛刀,飛刀,🔪,1,0|50,,,,,,,,,,,,,60,,,,15,25,,,proj-knife,hit-phys,,,"{""pct"":150,""pctPer"":15,""count"":3}",100000,1.5,朝前方 {deg} 度扇形內丟出 {count} 把飛刀，每把造成 {pct}% 物理傷害,朝前方 {deg} 度扇形內丟出 {count} 把飛刀，每把造成 {pct}% 物理傷害
knife,飛刀,強化飛刀,🔪,2,0|100,,,,,,,,,,,,,,,,,15,40,,,,,,,"{""pct"":20,""pctPer"":10}",200000,1.5,飛刀傷害進一步提升，額外 +{pct}% 物理傷害,飛刀傷害進一步提升，額外 +{pct}% 物理傷害
knife,飛刀,彈射飛刀,🔪,3,0|150,,,,,20,,,,,,,,,,,,15,60,,,proj-knife,hit-phys,,,"{""pct"":30,""pctPer"":5,""count"":1}",400000,1.5,每把飛刀會在範圍20米內的 {count} 個敵人間彈跳，每次彈射造成 {pct}% 技能傷害,每把飛刀會在範圍20米內的 {count} 個敵人間彈跳，每次彈射造成 {pct}% 技能傷害
knife,飛刀,強化彈射,🔪,4,0|200,,,,,,,,,,,,,,,,,15,80,,,,,,,"{""add"":1,""addPer"":0.25}",800000,1.5,飛刀彈射的敵人數量額外 +{add}（不足 1 次的部分以機率觸發）,飛刀彈射的敵人數量額外 +{add}（不足 1 次的部分以機率觸發）
knife,飛刀,迴旋飛刀,🔪,5,0|250,,,,,,,,,,,,,,,,,15,100,,,,,,,"{""count"":4,""countPer"":0.2}",1500000,1.5,改為向周圍的 {count} 個敵人丟出飛刀（全圓形範圍鎖敵；不足 1 個的部分以機率觸發）,改為向周圍的 {count} 個敵人丟出飛刀（全圓形範圍鎖敵；不足 1 個的部分以機率觸發）
knife,飛刀,連鎖彈射,🔪,6,0|300,,,,,,,,,,,,,,,,,15,140,,,,,,,"{""chance"":20,""chancePer"":2,""max"":4}",3000000,1.5,飛刀彈射後有 {chance}% 機率再次彈射，最多連續 {max} 次,飛刀彈射後有 {chance}% 機率再次彈射，最多連續 {max} 次
knife,飛刀,神速飛刀,🔪,7,0|350,,,,,,,,,,,,,,,,,15,240,,,,,,,"{""sec"":0.05,""secPer"":0.01}",5000000,1.5,每把飛刀（含彈射）爆擊時，使飛刀技能冷卻時間 -{sec} 秒,每把飛刀（含彈射）爆擊時，使飛刀技能冷卻時間 -{sec} 秒
knife,,暴雨梨花,,8,,petalStorm,,,,,,,,,,,,,,,,,300,,,,,,,"{""pct"":20,""pctPer"":2}",10000000,1.5,每把飛刀（含彈射）都會對飛行路徑上的所有敵人造成 {pct}% 技能傷害,每把飛刀（含彈射）都會對飛行路徑上的所有敵人造成 {pct}% 技能傷害
knife,,死亡收割者,,9,,deathReaper,,,,,,,,,,,,,,,,,300,,,,,,,"{""pct"":25,""pctPer"":2.5,""maxStacks"":20,""dur"":8}",10000000,1.5,飛刀殺死敵人時堆疊【死亡收割】：每層使你造成的傷害提高 {pct}%，最多 {maxStacks} 層，持續 {dur} 秒,飛刀殺死敵人時堆疊【死亡收割】：每層使你造成的傷害提高 {pct}%，最多 {maxStacks} 層，持續 {dur} 秒
knife,,無限追魂刃,,10,,soulhunterBlade,,,,45,,,,,,,,,,,,,300,,,proj-knife-gold,hit-lightning,,,"{""pct"":50,""pctPer"":5}",10000000,1.5,每次施放飛刀時額外射出 1 支無限飛刀，追擊周圍 {m} 米內的任意敵人：傷害提高 {pct}%，彈射次數不受限制；只有一個目標時會貫穿後繞回再次攻擊，不會停留原地重複傷害,每次施放飛刀時額外射出 1 支無限飛刀，追擊周圍 {m} 米內的任意敵人：傷害提高 {pct}%，彈射次數不受限制；只有一個目標時會貫穿後繞回再次攻擊，不會停留原地重複傷害
gale,疾風斬,疾風斬,💨,1,0|100,,,5,,,,0.2,,,,,,,,,,15,25,,hit-gale-burst,,hit-phys,,,"{""pct"":250,""pctPer"":20,""hits"":3}",100000,1.5,對敵人造成連續 {hits} 次 {pct}% 物理傷害（同一目標）,對敵人造成連續 {hits} 次 {pct}% 物理傷害（同一目標）
gale,疾風斬,疾風連斬,💨,2,0|150,,,,,,,,,,,,,,,,,15,40,,,,,,,"{""add"":1,""addPer"":0.2}",200000,1.5,斬擊次數額外 +{add}（不足 1 次的部分以機率觸發）,斬擊次數額外 +{add}（不足 1 次的部分以機率觸發）
gale,疾風斬,強化斬擊,💨,3,0|200,,,,,,,,,,,,,,,,,15,60,,,,,,,"{""pct"":15,""pctPer"":4}",400000,1.5,進一步強化斬擊傷害，額外 +{pct}% 物理傷害,進一步強化斬擊傷害，額外 +{pct}% 物理傷害
gale,疾風斬,擴散,💨,4,0|250,,,,,10,,,,,,,,,,,,15,80,,,,,,,"{""pct"":50,""pctPer"":5}",800000,1.5,每次斬擊額外對 {m} 米內最近的 1 個敵人造成 {pct}% 技能傷害；附近沒有敵人時改對原目標造成,每次斬擊額外對 {m} 米內最近的 1 個敵人造成 {pct}% 技能傷害；附近沒有敵人時改對原目標造成
gale,疾風斬,狂風斬,💨,5,0|300,,,,,,,,,,,,,,,,,15,100,,,,,,,"{""pct"":20,""pctPer"":5,""sec"":5}",1500000,1.5,施放疾風斬使你的攻速額外提高 {pct}%，持續 {sec} 秒（突破攻速上限，與自身攻速相乘）,施放疾風斬使你的攻速額外提高 {pct}%，持續 {sec} 秒（突破攻速上限，與自身攻速相乘）
gale,疾風斬,極速斬,💨,6,0|350,,,,,,,,,,,,,,,,,15,140,,,,,,,"{""sec"":1,""secPer"":0.3}",3000000,1.5,疾風斬的冷卻時間 -{sec} 秒,疾風斬的冷卻時間 -{sec} 秒
gale,疾風斬,月牙斬,💨,7,0|400,,,10,,10,,,,,,,,,,,,15,240,,slash-gale-moon,,,,,"{""pct"":500,""pctPer"":50}",5000000,1.5,疾風斬的傷害由目標周圍 {m} 米內的所有敵人均分，且傷害額外 +{pct}%,疾風斬的傷害由目標周圍 {m} 米內的所有敵人均分，且傷害額外 +{pct}%
gale,,霹靂一閃,,8,,thunderFlash,,,,6,,,,,,,,,,,,,300,,,,hit-lightning,,,"{""mult"":5,""multPer"":0.5}",10000000,1.5,疾風斬的最後一斬會對你周圍 {m} 米內的敵人造成「單段傷害 × 連擊數 × {mult}」的傷害,疾風斬的最後一斬會對你周圍 {m} 米內的敵人造成「單段傷害 × 連擊數 × {mult}」的傷害
gale,,雷神斬,,9,,thunderGodSlash,,,,8,,,,,,,,,,,,,300,,bolt-sky-purple,,hit-thunder-purple,,,"{""pct"":200,""pctPer"":20}",10000000,1.5,疾風斬附加雷電：每次斬擊命中時降下 1 道落雷，對命中處周圍 {m} 米內的敵人造成 {pct}% 閃電傷害,疾風斬附加雷電：每次斬擊命中時降下 1 道落雷，對命中處周圍 {m} 米內的敵人造成 {pct}% 閃電傷害
gale,,千鳥,,10,,chidori,,,,,,,,,,,,,,,,,300,,,,,,,"{""pct"":50,""pctPer"":5}",10000000,1.5,【月牙斬】不再由範圍內的敵人均分傷害，改為每個敵人都受到完整傷害，且傷害再額外 +{pct}%,【月牙斬】不再由範圍內的敵人均分傷害，改為每個敵人都受到完整傷害，且傷害再額外 +{pct}%
bloodblade,血刃斬,血刃斬,🩸,1,0|200,,,,,,,,,,,,,,,,,15,25,,hit-bloodblade-burst,,hit-bleed,,,"{""pct"":200,""pctPer"":15,""dotPct"":30,""dotSec"":5,""dotGap"":1}",100000,1.5,對敵人造成 1 次 {pct}% 物理傷害，並附加流血：每 {dotGap} 秒造成技能傷害 {dotPct}% 的傷害，持續 {dotSec} 秒,對敵人造成 1 次 {pct}% 物理傷害，並附加流血：每 {dotGap} 秒造成技能傷害 {dotPct}% 的傷害，持續 {dotSec} 秒
bloodblade,血刃斬,強化流血,🩸,2,0|250,,,,,,,,,,,,,,,,,15,40,,curse-bleed,,hit-bleed,,,"{""sec"":0.5,""secPer"":0.1,""gapPct"":10,""gapPctPer"":1.5}",200000,1.5,流血持續時間 +{sec} 秒，且流血作用間隔縮短 {gapPct}%（跳得更快、總傷更高）,流血持續時間 +{sec} 秒，且流血作用間隔縮短 {gapPct}%（跳得更快、總傷更高）
bloodblade,血刃斬,虛弱,🩸,3,0|300,,,,,,,,,,,,,,,,,15,60,,,,,,,"{""pct"":10,""pctPer"":2}",400000,1.5,流血中的敵人受到的傷害提高 {pct}%,流血中的敵人受到的傷害提高 {pct}%
bloodblade,血刃斬,血毒刃,🩸,4,0|350,,,,,,,,,,,,,,,,,15,80,,curse-poison,,hit-poison,,,"{""dotPct"":25,""dotPctPer"":3,""dotSec"":6,""dotGap"":0.5}",800000,1.5,敵人流血的同時也會中毒：每 {dotGap} 秒造成技能傷害 {dotPct}% 的毒屬性傷害，持續 {dotSec} 秒,敵人流血的同時也會中毒：每 {dotGap} 秒造成技能傷害 {dotPct}% 的毒屬性傷害，持續 {dotSec} 秒
bloodblade,血刃斬,毒霧感染,🩸,5,0|400,,,,,,,,,,,,,,,,,15,100,,,proj-poison-drop,hit-poison,,,"{""chance"":30,""chancePer"":2,""count"":2}",1500000,1.5,血毒刃的毒在每次作用時，有 {chance}% 機率傳染給附近的 {count} 個敵人,血毒刃的毒在每次作用時，有 {chance}% 機率傳染給附近的 {count} 個敵人
bloodblade,血刃斬,死亡屍爆,🩸,6,0|450,,,,,,,,,,,,,,,,,15,140,,burst-blood,,hit-bleed,,,"{""pct"":50,""pctPer"":5,""count"":2}",3000000,1.5,流血或中毒狀態的敵人死亡時爆炸，對附近 {count} 個敵人造成 {pct}% 技能傷害並傳染中毒,流血或中毒狀態的敵人死亡時爆炸，對附近 {count} 個敵人造成 {pct}% 技能傷害並傳染中毒
bloodblade,血刃斬,零日感染,🩸,7,0|500,,,,,20,,,,,,,,,,,,15,240,,burst-zero-infection,,hit-poison,,,"{""chance"":20,""chancePer"":2,""pct"":40,""pctPer"":4,""count"":1}",5000000,1.5,流血或中毒狀態在每次作用時有 {chance}% 機率立即造成剩餘的持續傷害；作用結束後將流血及中毒傳染給 {m} 米內的隨機 {count} 個敵人，且流血與中毒傷害 +{pct}%,流血或中毒狀態在每次作用時有 {chance}% 機率立即造成剩餘的持續傷害；作用結束後將流血及中毒傳染給 {m} 米內的隨機 {count} 個敵人，且流血與中毒傷害 +{pct}%
bloodblade,,殺神領域,,8,,slayerDomain,,,,24,,,,,,,,,,,,,300,,,,,ground-mire,,"{""pct"":2,""pctPer"":0.2,""healPct"":2,""healPctPer"":0.2,""dur"":6,""maxStacks"":100}",10000000,1.5,永久展開 {m} 米的殺神領域：領域內的敵人死亡時堆疊【殺神】，每層使你造成的傷害 +{pct}%，同時回復 {healPct}% 最大生命；最多 {maxStacks} 層，持續 {dur} 秒,永久展開 {m} 米的殺神領域：領域內的敵人死亡時堆疊【殺神】，每層使你造成的傷害 +{pct}%，同時回復 {healPct}% 最大生命；最多 {maxStacks} 層，持續 {dur} 秒
bloodblade,,萬毒血霧,,9,,venomDomain,,,,24,,0.5,,,,,,,,,,,300,,curse-poison,,hit-poison,ground-mire-poison,,"{""pct"":100,""pctPer"":10,""dur"":6,""maxStacks"":10}",10000000,1.5,永久展開 {m} 米的萬毒領域：領域內的敵人每 {gap} 秒受到 {pct}% 中毒傷害，該中毒持續 {dur} 秒且可堆疊至 {maxStacks} 層,永久展開 {m} 米的萬毒領域：領域內的敵人每 {gap} 秒受到 {pct}% 中毒傷害，該中毒持續 {dur} 秒且可堆疊至 {maxStacks} 層
bloodblade,,崩解,,10,,disintegrate,,,,6,,,,,,,,,,,,,300,,burst-blood,,hit-bleed,,,"{""pct"":50,""pctPer"":5}",10000000,1.5,中毒與流血不再有持續時間，塗上的當下就結算完整傷害；結算後爆炸，對周圍 {m} 米內的敵人造成該效果 {pct}% 的傷害,中毒與流血不再有持續時間，塗上的當下就結算完整傷害；結算後爆炸，對周圍 {m} 米內的敵人造成該效果 {pct}% 的傷害
dualdance,雙刀亂舞,雙刀亂舞,⚔️,1,0|250,,,,,,,,,,,,,,,,,15,25,,slash-dual,,hit-phys,,,"{""pct"":300,""pctPer"":25,""count"":2}",100000,1.5,對附近 {count} 個敵人各造成 1 次 {pct}% 物理傷害（只有 1 個敵人時全部打向同一目標）,對附近 {count} 個敵人各造成 1 次 {pct}% 物理傷害（只有 1 個敵人時全部打向同一目標）
dualdance,雙刀亂舞,疾風亂舞,⚔️,2,0|300,,,,,,,,,,,,,,,,,15,40,,,,,,,"{""add"":1,""addPer"":0.2}",200000,1.5,額外攻擊附近 {add} 個敵人（不足 1 個的部分以機率觸發）,額外攻擊附近 {add} 個敵人（不足 1 個的部分以機率觸發）
dualdance,雙刀亂舞,強化雙刀,⚔️,3,0|350,,,,,,,,,,,,,,,,,15,60,,,,,,,"{""pct"":25,""pctPer"":5}",400000,1.5,進一步強化雙刀傷害，額外 +{pct}% 物理傷害,進一步強化雙刀傷害，額外 +{pct}% 物理傷害
dualdance,雙刀亂舞,狂暴之舞,⚔️,4,0|400,,,,,,,,,,,,,,,,,15,80,,,,,,,"{""cr"":100,""crPer"":10,""add"":1,""addPer"":0.1,""sec"":6}",800000,1.5,讓你的暴擊率 +{cr}%、連擊數 +{add}，持續 {sec} 秒,讓你的暴擊率 +{cr}%、連擊數 +{add}，持續 {sec} 秒
dualdance,雙刀亂舞,鐵血之舞,⚔️,5,0|450,,,,,5,,0.35,,,,,,,,,,15,100,,,,,,,"{""pct"":3.5,""pctPer"":0.35,""sec"":3}",1500000,1.5,施放雙刀亂舞時使你以及附近 {m} 米內的所有敵人流血：每 {gap} 秒造成最大生命值 {pct}% 傷害，持續 {sec} 秒,施放雙刀亂舞時使你以及附近 {m} 米內的所有敵人流血：每 {gap} 秒造成最大生命值 {pct}% 傷害，持續 {sec} 秒
dualdance,雙刀亂舞,嗜血狂化,⚔️,6,0|500,,,,,,,,,,,,,,,,,15,140,,,,,,,"{""pct"":0.25,""pctPer"":0.025,""sec"":6}",3000000,1.5,施放雙刀亂舞後 {sec} 秒內，生命值或護盾每減少 1%，獲得 {pct}% 技能傷害提升,施放雙刀亂舞後 {sec} 秒內，生命值或護盾每減少 1%，獲得 {pct}% 技能傷害提升
dualdance,雙刀亂舞,暴風亂舞,⚔️,7,0|550,,,,,,,0.35,,,,,,,,,,15,240,,slash-dual,,hit-phys,ground-cyclone-avatar,,"{""sec"":3,""secPer"":0.3}",5000000,1.5,化身暴風在敵人間穿梭 {sec} 秒：每 {gap} 秒自動施放 1 次雙刀亂舞；期間無法普攻但可施放技能,化身暴風在敵人間穿梭 {sec} 秒：每 {gap} 秒自動施放 1 次雙刀亂舞；期間無法普攻但可施放技能
dualdance,,毀滅之舞,,8,,doomDance,,,,,,,,,,,,,,,,,300,,,,,,,"{""hpPct"":10,""hpPctPer"":-0.5,""pct"":200,""pctPer"":20}",10000000,1.5,每施放 1 次雙刀亂舞就失去當下 {hpPct}% 生命值（不會致死），但雙刀亂舞的傷害提高 {pct}%,每施放 1 次雙刀亂舞就失去當下 {hpPct}% 生命值（不會致死），但雙刀亂舞的傷害提高 {pct}%
dualdance,,火之神樂,,9,,flameKagura,,,,,,0.5,,,,,,,,,,,300,,,,,,,"{""pct"":10,""pctPer"":1,""dur"":6,""maxStacks"":20}",10000000,1.5,雙刀亂舞附加火焰：每次命中堆疊 1 層【神樂灼焰】，每層每 {gap} 秒造成 {pct}% 火屬性傷害，最多 {maxStacks} 層，持續 {dur} 秒,雙刀亂舞附加火焰：每次命中堆疊 1 層【神樂灼焰】，每層每 {gap} 秒造成 {pct}% 火屬性傷害，最多 {maxStacks} 層，持續 {dur} 秒
dualdance,,修羅亂舞,,10,,asuraDance,,,,,,,,,,,,,,,,,300,,,,,,,"{""pct"":20,""pctPer"":2}",10000000,1.5,讓你可以同時裝備兩把雙手武器（主手與副手各一把），且雙手武器的詞條效果提升 {pct}%,讓你可以同時裝備兩把雙手武器（主手與副手各一把），且雙手武器的詞條效果提升 {pct}%
counter,反擊,反擊,🛡️,1,0|300,,,,,,,,,,,,,,,,,0,5,,,proj-counter-ripple,hit-phys,,,"{""chance"":35,""pct"":50,""pctPer"":5}",100000,1.5,被動：受到傷害時有 {chance}% 機率對攻擊者反擊，造成 {pct}% 普攻傷害,被動：受到傷害時有 {chance}% 機率對攻擊者反擊，造成 {pct}% 普攻傷害
counter,反擊,招架,🛡️,2,0|350,,,,,,,,,,,,,,,,,0,10,,,,,,,"{""mult"":300,""multPer"":30}",200000,1.5,格擋時必定對敵人反擊，造成「格擋減傷值 × {mult}%」的普攻傷害,格擋時必定對敵人反擊，造成「格擋減傷值 × {mult}%」的普攻傷害
counter,反擊,強化反擊,🛡️,3,0|400,,,,,,,,,,,,,,,,,0,20,,,,,,,"{""pct"":30,""pctPer"":5}",400000,1.5,進一步提升反擊傷害，額外 +{pct}% 反擊普攻傷害,進一步提升反擊傷害，額外 +{pct}% 反擊普攻傷害
counter,反擊,反擊盾,🛡️,4,0|450,,,,,,,,,,,,,,,,,0,40,,,,,,,"{""pct"":1,""pctPer"":0.1}",800000,1.5,觸發反擊時，回復自身最大生命 {pct}% 的護盾,觸發反擊時，回復自身最大生命 {pct}% 的護盾
counter,反擊,破甲擊,🛡️,5,0|500,,,,,,,,,,,,,,,,,0,60,,,,hit-earth,,,"{""chance"":35,""def"":15,""sec"":4,""secPer"":0.4,""max"":4}",1500000,1.5,格擋時有 {chance}% 機率造成破甲：防禦 -{def}%，持續 {sec} 秒，最多疊 {max} 層（疊層時重置時間）,格擋時有 {chance}% 機率造成破甲：防禦 -{def}%，持續 {sec} 秒，最多疊 {max} 層（疊層時重置時間）
counter,反擊,二次反擊,🛡️,6,0|550,,,,,,,,,,,,,,,,,0,80,,,,,,,"{""chance"":50,""chancePer"":5,""count"":2}",3000000,1.5,反擊時有 {chance}% 機率再追加 {count} 次反擊（追加反擊不會再觸發反擊）,反擊時有 {chance}% 機率再追加 {count} 次反擊（追加反擊不會再觸發反擊）
counter,反擊,狂化反殺,🛡️,7,0|600,,,,,80,,,,,,,,,,,,0,100,,,,,,,"{""pct"":50,""pctPer"":5,""count"":2}",5000000,1.5,每次反擊時，額外對 {m} 米內隨機 {count} 個敵人反擊，造成 {pct}% 普攻傷害（不會再觸發反擊）,每次反擊時，額外對 {m} 米內隨機 {count} 個敵人反擊，造成 {pct}% 普攻傷害（不會再觸發反擊）
counter,,神聖之體,,8,,holyBody,,,,8,,,,,,,,,,,,,300,,burst-holy,,hit-light,,,"{""count"":10,""pct"":400,""pctPer"":40}",10000000,1.5,每 {count} 次反擊後朝目標射出一顆光彈，對其周圍 {m} 米內的敵人造成 {pct}% 神聖傷害,每 {count} 次反擊後朝目標射出一顆光彈，對其周圍 {m} 米內的敵人造成 {pct}% 神聖傷害
counter,,不屈鬥魂,,9,,indomitable,,,,30,,,,,,,,,,,,,300,,burst-earth,,hit-earth,aura-rock-armor,,"{""pct"":2000,""pctPer"":200,""sec"":5,""cd"":60}",10000000,1.5,死亡時對 {m} 米內的所有敵人造成 {pct}% 地系傷害，並在 {sec} 秒後原地復活繼續戰鬥（不算戰鬥失敗）；冷卻 {cd} 秒,死亡時對 {m} 米內的所有敵人造成 {pct}% 地系傷害，並在 {sec} 秒後原地復活繼續戰鬥（不算戰鬥失敗）；冷卻 {cd} 秒
counter,,戰神體,,10,,warGodBody,,,,,,,,,,,,,,,,,300,,,,,,,"{""sec"":1,""secPer"":0.1}",10000000,1.5,你在 {sec} 秒內損失的生命百分比，會在接下來 {sec} 秒內的反擊中一併附加到敵人身上,你在 {sec} 秒內損失的生命百分比，會在接下來 {sec} 秒內的反擊中一併附加到敵人身上
bloodrage,嗜血狂怒,嗜血狂怒,💢,1,0|400,,,,,,,,,,,,,,,,,60,25,,,,,aura-bloodrage,,"{""pct"":20,""pctPer"":2,""sec"":8}",100000,1.5,攻速額外 +{pct}%（乘算，不受攻速上限限制），持續 {sec} 秒,攻速額外 +{pct}%（乘算，不受攻速上限限制），持續 {sec} 秒
bloodrage,嗜血狂怒,狂暴,💢,2,0|450,,,,,,,,,,,,,,,,,60,40,,,,,,,"{""pct"":20,""pctPer"":2}",200000,1.5,狂怒期間爆擊傷害額外 +{pct}%（乘算）,狂怒期間爆擊傷害額外 +{pct}%（乘算）
bloodrage,嗜血狂怒,狂怒,💢,3,0|500,,,,,,,,,,,,,,,,,60,60,,,,,,,"{""pct"":20,""pctPer"":2}",400000,1.5,狂怒期間總傷害額外 +{pct}%（乘算）,狂怒期間總傷害額外 +{pct}%（乘算）
bloodrage,嗜血狂怒,狂化連殺,💢,4,0|550,,,,,,,,,,,,,,,,,60,80,,,,,,,"{""add"":0.5,""addPer"":0.1,""kill"":0.1,""killMax"":5}",800000,1.5,狂怒期間基礎連擊數 +{add}，且每擊殺 1 個敵人再 +{kill}（累計上限 +{killMax}；不足 1 次的部分以機率觸發）,狂怒期間基礎連擊數 +{add}，且每擊殺 1 個敵人再 +{kill}（累計上限 +{killMax}；不足 1 次的部分以機率觸發）
bloodrage,嗜血狂怒,嗜血反震,💢,5,0|600,,,,,,,,,,,,,,,,,60,100,,,,,,,"{""pct"":20,""pctPer"":2}",1500000,1.5,狂怒期間反震傷害提高 {pct}%（乘算，可與其它反震加成疊加）,狂怒期間反震傷害提高 {pct}%（乘算，可與其它反震加成疊加）
bloodrage,嗜血狂怒,血飲術,💢,6,0|650,,,,,80,,,,,,,,,,,,60,140,,,,,,,"{""pct"":30,""pctPer"":3,""self"":1}",3000000,1.5,狂怒期間傷害額外提高 {pct}%（乘算），但 {m} 米內的敵人每次受傷都會使你損失最大生命 {self}%（直接扣血，無法被護盾吸收）,狂怒期間傷害額外提高 {pct}%（乘算），但 {m} 米內的敵人每次受傷都會使你損失最大生命 {self}%（直接扣血，無法被護盾吸收）
bloodrage,嗜血狂怒,狂血盛宴,💢,7,0|700,,,,,,,,,,,,,,,,,60,240,,,,,,,"{""sec"":0.5,""pct"":1,""pctPer"":0.1,""count"":1}",5000000,1.5,狂怒期間每擊殺 1 個敵人，持續時間延長 {sec} 秒；且生命值每減少 1%，傷害額外 +{pct}%（乘算，無限疊加），每 1 連擊數使普攻可同時攻擊 1 個敵人（無限疊加）,狂怒期間每擊殺 1 個敵人，持續時間延長 {sec} 秒；且生命值每減少 1%，傷害額外 +{pct}%（乘算，無限疊加），每 1 連擊數使普攻可同時攻擊 1 個敵人（無限疊加）
bloodrage,,殺神降臨,,8,,slayerAdvent,,,,8,,,,,,,,,,,,,300,,,,,,,"{""pct"":100,""pctPer"":10}",10000000,1.5,狂怒期間普攻傷害 +{pct}%，且同時對目標周圍 {m} 米內的所有敵人造成傷害,狂怒期間普攻傷害 +{pct}%，且同時對目標周圍 {m} 米內的所有敵人造成傷害
bloodrage,,戰神屠錄,,9,,warGodRoll,,,,,,,,,,,,,,,,,300,,,,,,,"{""pct"":4,""maxStacks"":100,""maxStacksPer"":10}",10000000,1.5,狂怒期間你無法獲得護盾，但每殺死 1 個敵人使你造成的所有傷害 +{pct}%，最多 {maxStacks} 層，持續到你死亡為止,狂怒期間你無法獲得護盾，但每殺死 1 個敵人使你造成的所有傷害 +{pct}%，最多 {maxStacks} 層，持續到你死亡為止
bloodrage,,阿修羅霸王拳,,10,,asuraFist,,,,,,10,,,,,,,,,,,300,,,,,aura-bloodrage,,"{""pct"":500,""pctPer"":50,""sec"":1,""secPer"":0.1}",10000000,1.5,每 {gap} 秒，你造成的所有傷害 +{pct}%，持續 {sec} 秒,每 {gap} 秒，你造成的所有傷害 +{pct}%，持續 {sec} 秒
fireball,火球術,火球術,🔥,1,0|1,,,30,,6,,,,,,,,,,magic,fire,15,40,cast-magic,hit-fireball-rupture,proj-fireball-ember,,,,"{""pct"":150,""pctPer"":15}",100000,1.5,射出一顆火球（射程 {castM} 米），命中時爆炸，對目標及 {m} 米內的敵人造成 {pct}% 火焰傷害,射出一顆火球（射程 {castM} 米），命中時爆炸，對目標及 {m} 米內的敵人造成 {pct}% 火焰傷害
fireball,火球術,燃燒,🔥,2,0|1,,,,,,,,,,,,,,,magic,fire,15,60,,,,st-tick-fire,,,"{""dotPct"":20,""dotPctPer"":2,""dotSec"":5,""dotGap"":0.5}",200000,1.5,被火球擊中的敵人陷入燃燒：每 {dotGap} 秒造成技能傷害 {dotPct}% 的火焰傷害，持續 {dotSec} 秒,被火球擊中的敵人陷入燃燒：每 {dotGap} 秒造成技能傷害 {dotPct}% 的火焰傷害，持續 {dotSec} 秒
fireball,火球術,火球爆裂,🔥,3,0|50,,,,,20,,,,,,,,,,magic,fire,15,80,,hit-fireball-rupture,proj-fireball-ember,hit-fireball-rupture,,,"{""pct"":30,""pctPer"":3,""count"":3}",400000,1.5,火球爆炸後分裂出 {count} 個小火球，射向目標 {m} 米內的敵人，每個造成原始火球 {pct}% 的傷害,火球爆炸後分裂出 {count} 個小火球，射向目標 {m} 米內的敵人，每個造成原始火球 {pct}% 的傷害
fireball,火球術,強化燃燒,🔥,4,0|100,,,,,,,0.4,-1.4999999999999999E-2,,,,,,,magic,fire,15,100,,,,,,,{},800000,1.5,燃燒的作用間隔縮短至 {gap} 秒（跳得更快＝總傷更高）,燃燒的作用間隔縮短至 {gap} 秒（跳得更快＝總傷更高）
fireball,火球術,爆燃,🔥,5,0|150,,,,,12,,,,,,,,,,magic,fire,15,140,,burst-fire,,hit-fire,,,"{""pct"":50,""pctPer"":5,""count"":2}",1500000,1.5,燃燒結束或敵人死亡時爆炸，對我方 {m} 米內的 {count} 個敵人造成該敵人整段燃燒累積傷害 {pct}% 的傷害,燃燒結束或敵人死亡時爆炸，對我方 {m} 米內的 {count} 個敵人造成該敵人整段燃燒累積傷害 {pct}% 的傷害
fireball,火球術,火焰增幅,🔥,6,0|200,,,,,20,,,,,,,,,,magic,fire,15,200,,,,,,,"{""pct"":0.25,""pctPer"":0.025,""sec"":4}",3000000,1.5,我方 {m} 米內每有 1 次燃燒作用，你的火焰傷害 +{pct}%，持續 {sec} 秒（無限疊加，每次疊加時重置時間）,我方 {m} 米內每有 1 次燃燒作用，你的火焰傷害 +{pct}%，持續 {sec} 秒（無限疊加，每次疊加時重置時間）
fireball,火球術,殞石術,🔥,7,0|250,,,20,,15,,,,,,,,,,magic,fire,15,320,,burst-meteor-inferno,proj-meteor-inferno,burst-meteor-inferno,mark-red,,"{""pct"":250,""pctPer"":25,""count"":3}",5000000,1.5,改為召喚 {count} 顆巨大火殞石從天而降（射程 {castM} 米），每顆對目標 {m} 米內的敵人造成 {pct}% 火焰傷害，且殞石造成的燃燒傷害為 2 倍（第 2~6 階效果仍然生效）,改為召喚 {count} 顆巨大火殞石從天而降（射程 {castM} 米），每顆對目標 {m} 米內的敵人造成 {pct}% 火焰傷害，且殞石造成的燃燒傷害為 2 倍（第 2~6 階效果仍然生效）
fireball,,火殞天落,,8,,meteorFall,,,,,,,,,,,,,,,,,300,,,,,,,"{""count"":8,""size"":30,""pct"":50,""pctPer"":5}",10000000,1.5,殞石的體積 +{size}%、造成的傷害 +{pct}%，且每次施放額外連續落下 {count} 顆巨大殞石,殞石的體積 +{size}%、造成的傷害 +{pct}%，且每次施放額外連續落下 {count} 顆巨大殞石
fireball,,地爆天星,,9,,starfallCataclysm,,,,,,60,-3,,,,,,,,,,300,,burst-fire-shockwave,proj-starfall,hit-fire,ground-starfall-shadow,,"{""normal"":90,""elite"":40,""boss"":20}",10000000,1.5,每 {gap} 秒，天空落下一顆超巨型殞石：普通敵人 -{normal}% 生命、菁英 -{elite}% 生命、BOSS -{boss}% 生命,每 {gap} 秒，天空落下一顆超巨型殞石：普通敵人 -{normal}% 生命、菁英 -{elite}% 生命、BOSS -{boss}% 生命
fireball,,火鳳遼原,,10,,phoenixPrairie,,,,,,,,,,,,,,,,,300,,,proj-fireball,hit-fire-explosion,,,"{""count"":1,""balls"":3,""ballsPer"":0.3,""pct"":30,""pctPer"":3}",10000000,1.5,殞石數量 +{count} 顆，且每顆殞石落下時伴隨 {balls} 顆火球一同落下；火球與殞石造成的傷害 +{pct}%,殞石數量 +{count} 顆，且每顆殞石落下時伴隨 {balls} 顆火球一同落下；火球與殞石造成的傷害 +{pct}%
firepillar,火龍捲,火龍捲,🌋,1,0|50,,,30,,3,,,,,,,,,,magic,fire,15,40,,,,hit-fire,,fire-tornado-inferno,"{""pct"":60,""pctPer"":6,""hits"":5,""sec"":2.5}",100000,1.5,在敵人腳下召喚一道火柱（射程 {castM} 米），對目標 {m} 米內的敵人連續造成 {hits} 段傷害，每段 {pct}% 火焰傷害（全程約 {sec} 秒）,在敵人腳下召喚一道火柱（射程 {castM} 米），對目標 {m} 米內的敵人連續造成 {hits} 段傷害，每段 {pct}% 火焰傷害（全程約 {sec} 秒）
firepillar,火龍捲,龍捲噴發,🌋,2,0|100,,,,,,,,,,,,,,,magic,fire,15,60,,,,,,,"{""pct"":10,""pctPer"":2}",200000,1.5,火柱的傷害範圍擴大 {pct}%,火柱的傷害範圍擴大 {pct}%
firepillar,火龍捲,雙重龍捲,🌋,3,0|150,,,,,20,,,,,,,,,,magic,fire,15,80,,,,,,,"{""count"":2,""pct"":20,""pctPer"":2}",400000,1.5,可同時對 {m} 米內的 {count} 個目標施放火柱，且火焰傷害額外 +{pct}%,可同時對 {m} 米內的 {count} 個目標施放火柱，且火焰傷害額外 +{pct}%
firepillar,火龍捲,燃燒,🌋,4,0|200,,,,,,,,,,,,,,,magic,fire,15,100,,,,,,,"{""chance"":20,""chancePer"":2,""dotPct"":20,""dotSec"":4,""dotGap"":0.5}",800000,1.5,火柱每次作用時有 {chance}% 機率使敵人燃燒：每 {dotGap} 秒造成技能傷害 {dotPct}% 的火焰傷害，持續 {dotSec} 秒,火柱每次作用時有 {chance}% 機率使敵人燃燒：每 {dotGap} 秒造成技能傷害 {dotPct}% 的火焰傷害，持續 {dotSec} 秒
firepillar,火龍捲,烈焰衝擊,🌋,5,0|250,,,,,6,,,,,,,,,,magic,fire,15,140,,burst-fire-shockwave,,hit-fire,,,"{""pct"":100,""pctPer"":10}",1500000,1.5,火龍捲或火牆消失時，對周圍 {m} 米內的敵人造成 {pct}% 火焰傷害,火龍捲或火牆消失時，對周圍 {m} 米內的敵人造成 {pct}% 火焰傷害
firepillar,火龍捲,重生,🌋,6,0|300,,,,,20,,,,,,,,,,magic,fire,15,200,,,,,,,"{""chance"":25,""chancePer"":2.5}",3000000,1.5,火柱消失後有 {chance}% 機率在我方 {m} 米內的敵人身上重生,火柱消失後有 {chance}% 機率在我方 {m} 米內的敵人身上重生
firepillar,火龍捲,無限火牆,🌋,7,0|350,,,,,,,,,18,,6,,,,magic,fire,15,320,,,,hit-fire,ground-firewall,,"{""count"":3,""hits"":8,""pct"":100,""pctPer"":10,""respawn"":1}",5000000,1.5,改為施放 {count} 道火牆（橫向 {len}×{wid} 米），每道造成 {hits} 段 {pct}% 火焰傷害；每道火牆消失後再召喚 1 道（僅能再觸發一次；第 2~6 階效果仍然生效）,改為施放 {count} 道火牆（橫向 {len}×{wid} 米），每道造成 {hits} 段 {pct}% 火焰傷害；每道火牆消失後再召喚 1 道（僅能再觸發一次；第 2~6 階效果仍然生效）
firepillar,,烈焰暴風,,8,,infernoTempest,,,,,,,,,,,,,,,,,300,,,,,,,"{""mult"":1.2,""multPer"":0.8}",10000000,1.5,每次施放的火龍捲（火牆）數量變為 {mult} 倍（小數部分依機率補 1 道）,每次施放的火龍捲（火牆）數量變為 {mult} 倍（小數部分依機率補 1 道）
firepillar,,永劫火獄,,9,,eternalInferno,,,,20,,0.5,,,,,,,,,,,300,,,,,ground-mire-lava,,"{""pct"":200,""pctPer"":20,""sec"":6}",10000000,1.5,火龍捲會在附近 {m} 米內隨機游走，並在移動軌跡上留下火池：每 {gap} 秒造成 {pct}% 火焰傷害，持續 {sec} 秒,火龍捲會在附近 {m} 米內隨機游走，並在移動軌跡上留下火池：每 {gap} 秒造成 {pct}% 火焰傷害，持續 {sec} 秒
firepillar,,火龍之吞噬,,10,,dragonDevour,,,,30,,,,,,,,,,,,,300,,,,,,,"{""hits"":3,""hitsPer"":0.3}",10000000,1.5,所有火龍捲改為聚攏在你身邊，並持續將 {m} 米內的敵人拉向你，且火龍捲的傷害段數 +{hits} 段,所有火龍捲改為聚攏在你身邊，並持續將 {m} 米內的敵人拉向你，且火龍捲的傷害段數 +{hits} 段
firehunt,火狩,火狩,☄️,1,0|100,,3*3,8,,8,,,,,,,,,,magic,fire,15,40,,burst-fire,orb-firehunt,hit-fire-explosion,ground-orbit-ring-fire,,"{""pct"":100,""pctPer"":10,""count"":2,""sec"":4,""rps"":0.455}",100000,1.5,召喚 {count} 團火狩環繞自身（環繞半徑 {m} 米、每秒 {rps} 圈），碰到敵人即命中一次，每次造成 {pct}% 火焰傷害，持續 {sec} 秒,召喚 {count} 團火狩環繞自身（環繞半徑 {m} 米、每秒 {rps} 圈），碰到敵人即命中一次，每次造成 {pct}% 火焰傷害，持續 {sec} 秒
firehunt,火狩,強化火狩,☄️,2,0|150,,3*3,,,,,,,,,,,,,magic,fire,15,60,,,,,,,"{""pct"":15,""pctPer"":1.5}",200000,1.5,火狩的體積與環繞範圍同步擴大 {pct}%,火狩的體積與環繞範圍同步擴大 {pct}%
firehunt,火狩,伴生火狩,☄️,3,0|200,,3*3,,,1,,,,,,,,,,magic,fire,15,80,,,orb-firehunt-companion,,,,"{""chance"":20,""chancePer"":2}",400000,1.5,火狩命中時有 {chance}% 機率在母體外緣後方留 {m} 米間隙伴生一團火狩（每團只能伴生一次，伴生出的不再伴生）,火狩命中時有 {chance}% 機率在母體外緣後方留 {m} 米間隙伴生一團火狩（每團只能伴生一次，伴生出的不再伴生）
firehunt,火狩,三重火狩,☄️,4,0|250,,3*3,,,,,,,,,,,,,magic,fire,15,100,,,,,,,"{""count"":3,""pct"":120,""pctPer"":12,""sec"":4}",800000,1.5,改為召喚 {count} 團火狩，每團造成 {pct}% 火焰傷害，持續 {sec} 秒,改為召喚 {count} 團火狩，每團造成 {pct}% 火焰傷害，持續 {sec} 秒
firehunt,火狩,極速火狩,☄️,5,0|300,,3*3,,,,,,,,,,,,,magic,fire,15,140,,,,,,,"{""pct"":25,""pctPer"":2.5}",1500000,1.5,火狩的旋轉速度 +{pct}%,火狩的旋轉速度 +{pct}%
firehunt,火狩,再生,☄️,6,0|350,,3*3,,,,,,,,,,,,,magic,fire,15,200,,,,,,,"{""sec"":0.4,""secPer"":0.04}",3000000,1.5,火狩每擊殺 1 個敵人，全部火狩的持續時間延長 {sec} 秒,火狩每擊殺 1 個敵人，全部火狩的持續時間延長 {sec} 秒
firehunt,火狩,狩神之舞,☄️,7,0|400,,3*3,,,6,,,,,,,,,,magic,fire,15,320,,,,,,,"{""rings"":2,""pct"":150,""pctPer"":15,""sec"":6}",5000000,1.5,改為一次施放 {rings} 道火狩（外圈距內圈 {m} 米、兩道旋轉方向相反），每團造成 {pct}% 火焰傷害、出現時自帶伴生，持續 {sec} 秒,改為一次施放 {rings} 道火狩（外圈距內圈 {m} 米、兩道旋轉方向相反），每團造成 {pct}% 火焰傷害、出現時自帶伴生，持續 {sec} 秒
firehunt,,烈陽星環,,8,,solarRing,,,,,,,,,,,,,,,,,300,,,,,,,"{""count"":1,""grow"":60,""growSec"":4,""spin"":30,""pct"":50,""pctPer"":10}",10000000,1.5,火狩數量 +{count} 團，體積在 {growSec} 秒內逐漸增大最多 {grow}%，環繞速度 +{spin}%，且造成傷害 +{pct}%,火狩數量 +{count} 團，體積在 {growSec} 秒內逐漸增大最多 {grow}%，環繞速度 +{spin}%，且造成傷害 +{pct}%
firehunt,,無限星環,,9,,infiniteRing,,,,40,,,,,,,,,,,,,300,,,,,,,"{""count"":10,""countPer"":1}",10000000,1.5,火狩改為從自身中心呈螺旋狀向外擴散（在 {m} 米處達到最外圈），並於持續時間內不斷放出火狩，最多額外 +{count} 團,火狩改為從自身中心呈螺旋狀向外擴散（在 {m} 米處達到最外圈），並於持續時間內不斷放出火狩，最多額外 +{count} 團
firehunt,,火神降臨,,10,,fireGodDescend,,,,6,,0.5,,,,,,,,,,,300,,,proj-firehunt-ring,hit-fire,ground-domain-fire,,"{""pct"":300,""pctPer"":30,""orbs"":3,""orbsPer"":0.3,""mps"":24,""flyM"":40}",10000000,1.5,你的身體被火焰包裹：每 {gap} 秒對周圍 {m} 米內的敵人造成 {pct}% 火焰傷害；普攻同時朝目標射出 {orbs} 顆火狩星環，以 {mps} 米／秒貫穿飛行 {flyM} 米,你的身體被火焰包裹：每 {gap} 秒對周圍 {m} 米內的敵人造成 {pct}% 火焰傷害；普攻同時朝目標射出 {orbs} 顆火狩星環，以 {mps} 米／秒貫穿飛行 {flyM} 米
rockarmor,岩甲術,岩甲術,🪨,1,0|150,,,30,,,,,,,,,,,,magic,earth,15,40,,,,,aura-rockarmor-stone,,"{""pct"":30,""pctPer"":3,""sec"":10}",100000,1.5,施放岩甲強化自身，獲得最大生命值 {pct}% 的岩甲護盾，持續 {sec} 秒,施放岩甲強化自身，獲得最大生命值 {pct}% 的岩甲護盾，持續 {sec} 秒
rockarmor,岩甲術,強化岩甲,🪨,2,0|200,,,,,,,,,,,,,,,magic,earth,15,40,,,,,,,"{""pct"":20,""pctPer"":2}",200000,1.5,進一步強化岩甲，額外獲得最大生命值 {pct}% 的岩甲護盾（與第 1 階累加）,進一步強化岩甲，額外獲得最大生命值 {pct}% 的岩甲護盾（與第 1 階累加）
rockarmor,岩甲術,岩甲尖刺,🪨,3,0|250,,,,,,,,,,,,,,,magic,earth,15,40,,,,hit-earth,,,"{""pct"":5,""pctPer"":0.5}",400000,1.5,岩甲護盾存在期間，攻擊你的敵人會遭受你最大生命值 {pct}% 的地系傷害（獨立於反震，兩者各自結算）,岩甲護盾存在期間，攻擊你的敵人會遭受你最大生命值 {pct}% 的地系傷害（獨立於反震，兩者各自結算）
rockarmor,岩甲術,護盾增幅,🪨,4,0|300,,,,,,,,,,,,,,,magic,earth,15,40,,,,,,,"{""pct"":15,""pctPer"":1.5}",800000,1.5,主動型被動（裝配到技能列即恆時生效）：你獲得的所有護盾效率額外 +{pct}%（乘算）,主動型被動（裝配到技能列即恆時生效）：你獲得的所有護盾效率額外 +{pct}%（乘算）
rockarmor,岩甲術,岩之再生,🪨,5,0|350,,,,,,,,,,,,,,,magic,earth,15,40,,,,,,,"{""pct"":1,""pctPer"":0.1}",1500000,1.5,岩甲護盾存在期間，你每減少 1% 生命值即獲得最大生命 {pct}% 的護盾,岩甲護盾存在期間，你每減少 1% 生命值即獲得最大生命 {pct}% 的護盾
rockarmor,岩甲術,岩甲增幅,🪨,6,0|400,,,,,,,,,,,,,,,magic,earth,15,40,,,,,,,"{""pct"":0.5,""pctPer"":0.05,""max"":30,""sec"":3}",3000000,1.5,岩甲護盾存在期間，你每減少 1% 護盾即獲得 {pct}% 傷害增幅（乘算），最多疊 {max} 層，持續 {sec} 秒,岩甲護盾存在期間，你每減少 1% 護盾即獲得 {pct}% 傷害增幅（乘算），最多疊 {max} 層，持續 {sec} 秒
rockarmor,岩甲術,天地逆返,🪨,7,0|450,,,,,,,,,,,,,,,magic,earth,15,40,,,,,aura-earth-reversal,,"{""pct"":30,""pctPer"":3}",5000000,1.5,岩甲護盾存在期間，護盾剩餘量越低則傷害減免越高，護盾歸零時最高額外 +{pct}% 傷害減免（乘算）,岩甲護盾存在期間，護盾剩餘量越低則傷害減免越高，護盾歸零時最高額外 +{pct}% 傷害減免（乘算）
rockarmor,,超重岩之術,,8,,superRockArt,,,,24,,,,,,,,,,,,,300,,burst-rock-petrify,,hit-earth,ground-domain-earth,,"{""sec"":4,""pct"":400,""pctPer"":40}",10000000,1.5,施放時將巨岩之力壓縮到極致，使 {m} 米內的敵人石化 {sec} 秒：無法行動，且受到的土系傷害額外 +{pct}%,施放時將巨岩之力壓縮到極致，使 {m} 米內的敵人石化 {sec} 秒：無法行動，且受到的土系傷害額外 +{pct}%
rockarmor,,金剛不壞,,9,,adamantBody,,,,,,,,,,,,,,,,,300,,,,,,,"{""red"":90,""redPer"":0.9,""hp"":50,""hpPer"":5,""spike"":100}",10000000,1.5,岩甲護盾存在期間額外獲得 +{red}% 傷害減免（乘算），生命上限與岩甲護盾 +{hp}%，且【岩甲尖刺】的效果額外提高 {spike}%,岩甲護盾存在期間額外獲得 +{red}% 傷害減免（乘算），生命上限與岩甲護盾 +{hp}%，且【岩甲尖刺】的效果額外提高 {spike}%
rockarmor,,超重力場,,10,,gravityField,,,,24,,,,,,,,,,,,,300,,burst-gravity,,hit-earth,ground-domain-earth,,"{""pct"":300,""pctPer"":30,""stiff"":65,""stiffSec"":5}",10000000,1.5,施放岩甲術時同時扭曲 {m} 米內的重力場，使敵人僵化（移動、攻速與傷害 -{stiff}%，持續 {stiffSec} 秒）；岩甲護盾存在期間你的土系傷害額外 +{pct}%,施放岩甲術時同時扭曲 {m} 米內的重力場，使敵人僵化（移動、攻速與傷害 -{stiff}%，持續 {stiffSec} 秒）；岩甲護盾存在期間你的土系傷害額外 +{pct}%
mire,泥沼術,泥沼術,🟤,1,0|200,,12*12,20,,,,,,,,,,,,magic,earth,15,40,,,,,ground-mire-earth,,"{""sec"":4,""secPer"":0.4,""move"":30,""aspd"":50}",100000,1.5,在敵人腳下召喚一片 12×12 米的沼澤（射程 {castM} 米），沼澤中的敵人陷入緩速（移動速度 -{move}%、攻速 -{aspd}%），持續 {sec} 秒,在敵人腳下召喚一片 12×12 米的沼澤（射程 {castM} 米），沼澤中的敵人陷入緩速（移動速度 -{move}%、攻速 -{aspd}%），持續 {sec} 秒
mire,泥沼術,虛弱,🟤,2,0|250,,12*12,,,,,,,,,,,,,magic,earth,15,40,,,,,,,"{""pct"":15,""pctPer"":1.5}",200000,1.5,受泥沼緩速影響的敵人，受到的傷害提高 {pct}%,受泥沼緩速影響的敵人，受到的傷害提高 {pct}%
mire,泥沼術,毒沼術,🟤,3,0|300,,12*12,,,,,,,,,,,,,magic,earth,15,40,,,,,ground-mire-poison,,"{""dotPct"":25,""dotPctPer"":2.5,""dotGap"":0.5}",400000,1.5,沼澤持續放出毒氣：沼澤中的敵人每 {dotGap} 秒受到魔法攻擊 {dotPct}% 的毒性傷害,沼澤持續放出毒氣：沼澤中的敵人每 {dotGap} 秒受到魔法攻擊 {dotPct}% 的毒性傷害
mire,泥沼術,毒沼增生,🟤,4,0|350,,12*12,,,40,,,,,,,,,,magic,earth,15,40,,,,,,,"{""add"":1,""addPer"":0.1}",800000,1.5,沼澤結束時傳染給 {m} 米內較近的敵人，最多傳染 {add} 次（不足 1 次的部分以機率觸發）,沼澤結束時傳染給 {m} 米內較近的敵人，最多傳染 {add} 次（不足 1 次的部分以機率觸發）
mire,泥沼術,沼澤漫延,🟤,5,0|400,,12*12,,,,,,,,,,,,,magic,earth,15,40,,,,,,,"{""sec"":6,""pct"":40,""pctPer"":4,""growSec"":4}",1500000,1.5,沼澤持續時間提高至 {sec} 秒，且在 {growSec} 秒內逐步擴大，最大擴增 {pct}%,沼澤持續時間提高至 {sec} 秒，且在 {growSec} 秒內逐步擴大，最大擴增 {pct}%
mire,泥沼術,重力泥沼,🟤,6,0|450,,12*12,,,,,,,,,,,,,magic,earth,15,40,,,,,,,"{""move"":50,""aspd"":75,""pct"":20,""pctPer"":2}",3000000,1.5,緩速強化為移動速度 -{move}%、攻速 -{aspd}%，且受影響目標受到的傷害再提高 {pct}%（與第 2 階累加）,緩速強化為移動速度 -{move}%、攻速 -{aspd}%，且受影響目標受到的傷害再提高 {pct}%（與第 2 階累加）
mire,泥沼術,熔岩沼,🟤,7,0|500,,12*12,,,,,,,,,,,,,magic,earth,15,40,,,,,ground-mire-lava,,"{""sec"":8,""pct"":20,""pctPer"":2,""dotPct"":70,""dotPctPer"":7,""dotGap"":0.4}",5000000,1.5,沼澤轉變為岩漿：持續時間提高至 {sec} 秒、範圍再擴增 {pct}%（與第 5 階累加），其中的目標每 {dotGap} 秒額外受到魔法攻擊 {dotPct}% 的火焰傷害,沼澤轉變為岩漿：持續時間提高至 {sec} 秒、範圍再擴增 {pct}%（與第 5 階累加），其中的目標每 {dotGap} 秒額外受到魔法攻擊 {dotPct}% 的火焰傷害
mire,,惡疫魔沼,,8,,plagueMire,,,,,,0.35,,,,,,,,,,,300,,,,,,,"{""pct"":200,""pctPer"":20,""amp"":100,""ampPer"":10,""sec"":8}",10000000,1.5,沼澤範圍內的敵人染上【瘟疫】：每 {gap} 秒受到魔法攻擊 {pct}% 的毒性傷害，且受到的毒性傷害額外 +{amp}%；離開沼澤後仍持續 {sec} 秒,沼澤範圍內的敵人染上【瘟疫】：每 {gap} 秒受到魔法攻擊 {pct}% 的毒性傷害，且受到的毒性傷害額外 +{amp}%；離開沼澤後仍持續 {sec} 秒
mire,,深淵火獄,,9,,abyssInferno,,,,6,,2,,,,,,,,,,,300,,,,hit-fire,ground-tornado-fire,,"{""hits"":8,""pct"":100,""pctPer"":10,""sec"":8}",10000000,1.5,熔岩沼每 {gap} 秒對範圍內的敵人噴出 1 道火龍捲（半徑 {m} 米、{hits} 段、每段 {pct}% 火焰傷害），並將命中的敵人屬性改變為火屬性，持續 {sec} 秒,熔岩沼每 {gap} 秒對範圍內的敵人噴出 1 道火龍捲（半徑 {m} 米、{hits} 段、每段 {pct}% 火焰傷害），並將命中的敵人屬性改變為火屬性，持續 {sec} 秒
mire,,黃泉沼,,10,,netherMire,,,,,,,,,,,,,,,,,300,,,,,,,"{""hpPct"":30,""chance"":0.5,""chancePer"":0.05,""add"":0.5,""addPer"":0.05}",10000000,1.5,沼澤範圍內生命值 {hpPct}% 以下的敵人，每次受到傷害有 {chance}% 機率直接被斬殺，且該機率每次受傷再累加 {add}%,沼澤範圍內生命值 {hpPct}% 以下的敵人，每次受到傷害有 {chance}% 機率直接被斬殺，且該機率每次受傷再累加 {add}%
earthguard,大地守護,大地守護,🌍,1,0|250,,,,,,,,,,,,,,,magic,earth,0,0,,,,,,,"{""pct"":10,""pctPer"":1,""hp"":20,""hpPer"":2}",100000,1.5,主動型被動：自身傷害減免額外 +{pct}%、生命上限額外 +{hp}%（皆為乘算）,主動型被動：自身傷害減免額外 +{pct}%、生命上限額外 +{hp}%（皆為乘算）
earthguard,大地守護,大地祝福,🌍,2,0|300,,,,,,,,,,,,,,,magic,earth,0,25,,,,,,,"{""pct"":25,""pctPer"":2.5}",200000,1.5,全屬性傷害額外 +{pct}%（與所有屬性增傷效果為額外的乘法計算）,全屬性傷害額外 +{pct}%（與所有屬性增傷效果為額外的乘法計算）
earthguard,大地守護,生命再生,🌍,3,0|350,,,,,,,,,,,,,,,magic,earth,0,25,,,,,,,"{""pct"":100,""pctPer"":10,""drain"":50,""drainPer"":5}",400000,1.5,生命回復額外 +{pct}%、吸血額外 +{drain}%（皆與原屬性為額外的乘法計算）,生命回復額外 +{pct}%、吸血額外 +{drain}%（皆與原屬性為額外的乘法計算）
earthguard,大地守護,魔力再生,🌍,4,0|400,,,,,,,,,,,,,,,magic,earth,0,25,,,,,,,"{""pct"":100,""pctPer"":10,""drain"":50,""drainPer"":5}",800000,1.5,法力回復額外 +{pct}%、吸魔額外 +{drain}%（皆與原屬性為額外的乘法計算）,法力回復額外 +{pct}%、吸魔額外 +{drain}%（皆與原屬性為額外的乘法計算）
earthguard,大地守護,魔法盾,🌍,5,0|450,,,,,,,,,,,,,,,magic,earth,0,25,,,,,,,"{""pct"":30,""pctPer"":3,""manaRed"":30,""manaRedPer"":5}",1500000,1.5,你的生命減少時，其中 {pct}% 改由消耗法力承擔，承擔的法力降低 {manaRed}%（法力不足時只轉換付得起的部分，餘額仍扣生命）,你的生命減少時，其中 {pct}% 改由消耗法力承擔，承擔的法力降低 {manaRed}%（法力不足時只轉換付得起的部分，餘額仍扣生命）
earthguard,大地守護,生命反射之盾,🌍,6,0|500,,,,,20,,,,,,,,,,magic,earth,0,25,,beam-light,,hit-light,,,"{""pct"":1,""pctPer"":0.1,""count"":1}",3000000,1.5,你每消耗 1% 生命或護盾，{m} 米內的 {count} 個敵人同步損失 {pct}% 最大生命,你每消耗 1% 生命或護盾，{m} 米內的 {count} 個敵人同步損失 {pct}% 最大生命
earthguard,大地守護,天地共生,🌍,7,0|550,,,,,,,,,,,,,,,magic,earth,0,25,,pillar-light,,hit-light,,,"{""pct"":20,""pctPer"":8,""sec"":5,""cd"":60,""cdPer"":-3}",5000000,1.5,死亡時原地復活並回復 {pct}% 生命，復活後 {sec} 秒無敵；此招自身冷卻 {cd} 秒（顯示於技能格）,死亡時原地復活並回復 {pct}% 生命，復活後 {sec} 秒無敵；此招自身冷卻 {cd} 秒（顯示於技能格）
earthguard,,光耀之堂,,8,,hallOfRadiance,,,,,,,,,,,,,,,,,300,,,,,,,"{""pct"":250,""pctPer"":25,""conv"":100,""convPer"":10}",10000000,1.5,生命與法力回復額外 +{pct}%（乘算），且溢出的生命與法力以 {conv}% 轉為你的生命護盾,生命與法力回復額外 +{pct}%（乘算），且溢出的生命與法力以 {conv}% 轉為你的生命護盾
earthguard,,天地再造,,9,,worldRebirth,,,,,,,,,,,,,,,,,300,,pillar-earth,,hit-earth,,,"{""chance"":15,""chancePer"":15,""hp"":80,""hpPer"":-5}",10000000,1.5,被你殺死的普通與菁英敵人有 {chance}% 機率（上限 100%）以 {hp}% 生命重生（同一個敵人只會重生一次）,被你殺死的普通與菁英敵人有 {chance}% 機率（上限 100%）以 {hp}% 生命重生（同一個敵人只會重生一次）
earthguard,,逆轉乾坤,,10,,fateReversal,,,,,,,,,,,,,,,,,300,,,,,,,"{""max"":2,""maxPer"":0.1}",10000000,1.5,【天地共生】的冷卻結束後可累積復活次數，最多累積 {max} 次（小數四捨五入取整）,【天地共生】的冷卻結束後可累積復活次數，最多累積 {max} 次（小數四捨五入取整）
chainlightning,連鎖閃電,連鎖閃電,⚡,1,0|300,,,30,,30,,,,,,,,,,magic,lightning,15,40,cast-magic,,bolt-chain-lightning,hit-lightning,,,"{""pct"":150,""pctPer"":15,""count"":4}",100000,1.5,丟出一道閃電鏈（射程 {castM} 米），在最多 {count} 個目標間彈射（每段彈射範圍 {m} 米），每擊造成 {pct}% 雷電傷害,丟出一道閃電鏈（射程 {castM} 米），在最多 {count} 個目標間彈射（每段彈射範圍 {m} 米），每擊造成 {pct}% 雷電傷害
chainlightning,連鎖閃電,強化閃電,⚡,2,0|350,,,,,,,,,,,,,,,magic,lightning,15,40,,,,,,,"{""pct"":50,""pctPer"":5}",200000,1.5,強化閃電威力，閃電鏈傷害進一步 +{pct}% 雷電傷害,強化閃電威力，閃電鏈傷害進一步 +{pct}% 雷電傷害
chainlightning,連鎖閃電,雷鳴術,⚡,3,0|400,,,,,,,,,,,,,,,magic,lightning,15,40,,,,,,,"{""add"":1,""addPer"":0.1}",400000,1.5,被閃電鏈擊中的敵人額外再受到 {add} 次雷電傷害（不足 1 次的部分以機率觸發）,被閃電鏈擊中的敵人額外再受到 {add} 次雷電傷害（不足 1 次的部分以機率觸發）
chainlightning,連鎖閃電,強化連鎖,⚡,4,0|450,,,,,,,,,,,,,,,magic,lightning,15,40,,,,,,,"{""add"":1,""addPer"":0.2}",800000,1.5,閃電鏈的彈射數額外 +{add} 次（不足 1 次的部分以機率觸發）,閃電鏈的彈射數額外 +{add} 次（不足 1 次的部分以機率觸發）
chainlightning,連鎖閃電,電殛擴散,⚡,5,0|500,,,,,6,,,,,,,,,,magic,lightning,15,40,,,,hit-lightning,,,"{""pct"":25,""pctPer"":2.5,""count"":1}",1500000,1.5,閃電鏈每次彈射時，額外對 {m} 米內的 {count} 個敵人造成閃電鏈 {pct}% 的雷電傷害,閃電鏈每次彈射時，額外對 {m} 米內的 {count} 個敵人造成閃電鏈 {pct}% 的雷電傷害
chainlightning,連鎖閃電,雷幻身,⚡,6,0|550,,,,,,,,,,,,,,,magic,lightning,15,40,,,,,aura-lightning-relay,,"{""pct"":50,""pctPer"":5}",3000000,1.5,閃電鏈傷害額外 +{pct}% 雷電傷害；沒有其它彈射目標時可用自身當中繼點繼續彈射（彈到自身不消耗彈射數）,閃電鏈傷害額外 +{pct}% 雷電傷害；沒有其它彈射目標時可用自身當中繼點繼續彈射（彈到自身不消耗彈射數）
chainlightning,連鎖閃電,雷電暴風,⚡,7,0|600,,,,,,,,,,,,,,,magic,lightning,15,40,,,,,,,"{""count"":3,""add"":1,""addPer"":0.1,""pct"":100,""pctPer"":10,""chance"":20}",5000000,1.5,同時發射 {count} 道閃電鏈，彈射數額外 +{add} 次，且閃電傷害額外 +{pct}%；每次彈射有 {chance}% 機率生成 1 條閃電鏈,同時發射 {count} 道閃電鏈，彈射數額外 +{add} 次，且閃電傷害額外 +{pct}%；每次彈射有 {chance}% 機率生成 1 條閃電鏈
chainlightning,,天地雷鎖陣,,8,,skyThunderArray,,,,,,1,-0.05,,,,,,,,,,300,,,,,,,"{""sec"":3,""secPer"":0.3}",10000000,1.5,施放連鎖閃電後每 {gap} 秒自動再施放 1 次，持續 {sec} 秒（自動施放不扣法力、不進冷卻）,施放連鎖閃電後每 {gap} 秒自動再施放 1 次，持續 {sec} 秒（自動施放不扣法力、不進冷卻）
chainlightning,,永恒超導體,,9,,eternalSuperconductor,,,,30,,,,,,,,,,,,,300,,,bolt-chain-lightning,hit-lightning,aura-lightning-relay,,"{""pct"":2,""pctPer"":0.2,""maxStacks"":100}",10000000,1.5,額外射出 1 道無限彈射的閃電鏈：在自身與 {m} 米內的任意敵人之間往返彈射，每經過自身 1 次使你的雷電傷害 +{pct}%，最多 {maxStacks} 層（持續到你死亡為止）,額外射出 1 道無限彈射的閃電鏈：在自身與 {m} 米內的任意敵人之間往返彈射，每經過自身 1 次使你的雷電傷害 +{pct}%，最多 {maxStacks} 層（持續到你死亡為止）
chainlightning,,飛雷神,,10,,flyingThunderGod,,,,30,,0.35,,,,,,,,,,,300,,,bolt-chain-lightning,hit-lightning,,,"{""count"":3,""r"":12,""pct"":200,""pctPer"":20,""sec"":6}",10000000,1.5,施放後每 {gap} 秒放出 {count} 道閃電，分別打向 {m} 米內最遠的 {count} 個敵人，各對命中處 {r} 米內的所有敵人造成 {pct}% 雷電傷害，持續 {sec} 秒,施放後每 {gap} 秒放出 {count} 道閃電，分別打向 {m} 米內最遠的 {count} 個敵人，各對命中處 {r} 米內的所有敵人造成 {pct}% 雷電傷害，持續 {sec} 秒
thunderstrike,落雷術,落雷術,🌩️,1,0|350,,,30,,,,0.2,,,,,,,,magic,lightning,15,40,cast-magic,bolt-sky-purple,,hit-thunder-purple,,,"{""pct"":200,""pctPer"":20,""count"":2}",100000,1.5,對 {castM} 米內的 {count} 個目標降下落雷（每道間隔 {gap} 秒），每道造成 {pct}% 雷電傷害,對 {castM} 米內的 {count} 個目標降下落雷（每道間隔 {gap} 秒），每道造成 {pct}% 雷電傷害
thunderstrike,落雷術,落雷連鎖,🌩️,2,0|400,,,,,,,,,,,,,,,magic,lightning,15,40,,,,,,,"{""add"":1,""addPer"":0.1}",200000,1.5,攻擊目標額外 +{add} 個（不足 1 個的部分以機率觸發）,攻擊目標額外 +{add} 個（不足 1 個的部分以機率觸發）
thunderstrike,落雷術,雙重落雷,🌩️,3,0|450,,,,,,,,,,,,,,,magic,lightning,15,40,,,,,,,"{""add"":1,""addPer"":0.1}",400000,1.5,對每個目標的攻擊次數額外 +{add} 次（不足 1 次的部分以機率觸發）,對每個目標的攻擊次數額外 +{add} 次（不足 1 次的部分以機率觸發）
thunderstrike,落雷術,閃電增幅,🌩️,4,0|500,,,,,,,,,,,,,,,magic,lightning,15,40,,,,,,,"{""pct"":100,""pctPer"":10}",800000,1.5,進一步強化落雷傷害，額外 +{pct}% 雷電傷害,進一步強化落雷傷害，額外 +{pct}% 雷電傷害
thunderstrike,落雷術,雷電脈衝,🌩️,5,0|550,,,,,6,,,,,,,,,,magic,lightning,15,40,,,,,,,"{""sec"":1.5,""secPer"":0.15,""count"":2}",1500000,1.5,落雷落地時產生衝擊波，震暈目標本身與 {m} 米內共 {count} 個敵人 {sec} 秒,落雷落地時產生衝擊波，震暈目標本身與 {m} 米內共 {count} 個敵人 {sec} 秒
thunderstrike,落雷術,迅雷重生,🌩️,6,0|600,,,,,,,,,,,,,,,magic,lightning,15,40,,,,,,,"{""chance"":20,""chancePer"":2,""max"":5}",3000000,1.5,每道落雷結束後有 {chance}% 機率再產生 1 道落雷（同一次施放最多再生 {max} 道）,每道落雷結束後有 {chance}% 機率再產生 1 道落雷（同一次施放最多再生 {max} 道）
thunderstrike,落雷術,殛道落電,🌩️,7,0|650,,,,,6,,,,,,,,,,magic,lightning,15,40,,,,,,,"{""mult"":2,""pct"":50,""pctPer"":5}",5000000,1.5,落雷擊中時對目標 {m} 米內的所有敵人造成傷害；攻擊次數與目標數量 ×{mult}，且命中暈眩中的敵人時傷害額外 +{pct}%（與原傷害乘算）,落雷擊中時對目標 {m} 米內的所有敵人造成傷害；攻擊次數與目標數量 ×{mult}，且命中暈眩中的敵人時傷害額外 +{pct}%（與原傷害乘算）
thunderstrike,,雷電矩陣,,8,,thunderMatrix,,,,,,,,,,3,,,,,,,300,,bolt-curtain-lightning,,,ground-thunder-curtain,,"{""count"":2,""countPer"":0.2,""pct"":300,""pctPer"":30,""mps"":30}",10000000,1.5,施放落雷術時同時召喚橫向與直向各 {count} 道雷幕橫掃全場（每道寬 {wid} 米、{mps} 米／秒，相鄰兩道由反方向交錯掃過），對掃過的所有敵人各造成 1 次 {pct}% 雷電傷害,施放落雷術時同時召喚橫向與直向各 {count} 道雷幕橫掃全場（每道寬 {wid} 米、{mps} 米／秒，相鄰兩道由反方向交錯掃過），對掃過的所有敵人各造成 1 次 {pct}% 雷電傷害
thunderstrike,,雷霆天劫,,9,,heavenTribulation,,,,30,,0.35,,,,,,,,,,,300,,bolt-sky-purple,,hit-thunder-purple,,,"{""pct"":400,""pctPer"":40}",10000000,1.5,額外召喚 1 道永久持續的天劫雷電：每 {gap} 秒追擊 {m} 米內生命值最低的敵人，造成 {pct}% 雷電傷害,額外召喚 1 道永久持續的天劫雷電：每 {gap} 秒追擊 {m} 米內生命值最低的敵人，造成 {pct}% 雷電傷害
thunderstrike,,永恒雷獄,,10,,eternalThunderPrison,,,,,,1,-0.05,,,,,,,,,,300,,,,,,,"{""sec"":3,""secPer"":0.3}",10000000,1.5,施放落雷術後每 {gap} 秒自動再施放 1 次，持續 {sec} 秒（自動施放不扣法力、不進冷卻）,施放落雷術後每 {gap} 秒自動再施放 1 次，持續 {sec} 秒（自動施放不扣法力、不進冷卻）
thunderorb,雷球,雷球,🔵,1,0|400,,6*6,30,,4,,0.35,,,,,,,,magic,lightning,15,40,cast-magic,,,hit-lightning,,lightning-orb-field,"{""pct"":50,""pctPer"":5,""count"":2,""sec"":2,""speed"":6}",100000,1.5,召喚 {count} 個雷球緩慢飛向目標（射程 {castM} 米、飛行速度 {speed} 米/秒），途中每 {gap} 秒對半徑 {m} 米內的所有敵人造成 {pct}% 雷電傷害，抵達後停留 {sec} 秒才消散,召喚 {count} 個雷球緩慢飛向目標（射程 {castM} 米、飛行速度 {speed} 米/秒），途中每 {gap} 秒對半徑 {m} 米內的所有敵人造成 {pct}% 雷電傷害，抵達後停留 {sec} 秒才消散
thunderorb,雷球,擴增雷球,🔵,2,0|450,,6*6,,,,,,,,,,,,,magic,lightning,15,40,,,,,,,"{""pct"":15,""pctPer"":1.5}",200000,1.5,雷球的體積擴大 {pct}%,雷球的體積擴大 {pct}%
thunderorb,雷球,多重雷球,🔵,3,0|500,,6*6,,,,,,,,,,,,,magic,lightning,15,40,,,,,,,"{""add"":1,""addPer"":0.1}",400000,1.5,雷球數量額外 +{add} 個（不足 1 個的部分以機率觸發）,雷球數量額外 +{add} 個（不足 1 個的部分以機率觸發）
thunderorb,雷球,環體電球,🔵,4,0|550,,6*6,,,8,,,,,,,,,,magic,lightning,15,40,,,orb-thunder,hit-lightning,ground-orbit-ring-lightning,,"{""count"":2,""pct"":100,""pctPer"":10,""sec"":6,""rps"":0.7}",800000,1.5,額外召喚 {count} 個電球環繞自身（環繞半徑 {m} 米、每秒 {rps} 圈），碰到敵人即命中一次，每次造成 {pct}% 雷電傷害，持續 {sec} 秒,額外召喚 {count} 個電球環繞自身（環繞半徑 {m} 米、每秒 {rps} 圈），碰到敵人即命中一次，每次造成 {pct}% 雷電傷害，持續 {sec} 秒
thunderorb,雷球,強化雷球,🔵,5,0|600,,6*6,,,,,,,,,,,,,magic,lightning,15,40,,,,,,,"{""pct"":30,""pctPer"":3}",1500000,1.5,所有雷球與電球的雷電傷害額外 +{pct}%,所有雷球與電球的雷電傷害額外 +{pct}%
thunderorb,雷球,伴生雷球,🔵,6,0|650,,6*6,,,,,,,,,,,,,magic,lightning,15,40,,,,hit-lightning,,lightning-orb-field,"{""chance"":15,""chancePer"":1.5,""sec"":2}",3000000,1.5,環體電球命中時有 {chance}% 機率在該處生成一個靜止雷球，持續 {sec} 秒（每次作用只判定一次機率）,環體電球命中時有 {chance}% 機率在該處生成一個靜止雷球，持續 {sec} 秒（每次作用只判定一次機率）
thunderorb,雷球,雷殞天落,🔵,7,0|700,,6*6,,,15,,,,,,,,,,magic,lightning,15,40,,burst-fire-shockwave,proj-thunder-orb-fall,hit-lightning,mark-blue,,"{""count"":2,""pct"":300,""pctPer"":30,""sec"":3}",5000000,1.5,額外召喚 {count} 個巨大雷球從天而降，各對 {m} 米內的敵人造成 {pct}% 雷電傷害，並以衝擊波擊暈 {sec} 秒,額外召喚 {count} 個巨大雷球從天而降，各對 {m} 米內的敵人造成 {pct}% 雷電傷害，並以衝擊波擊暈 {sec} 秒
thunderorb,,臨界雷劫,,8,,criticalThunderbolt,,,,,,,,,,,,,,,,,300,,,,,,,"{""count"":4,""chanceMult"":2,""pct"":50,""pctPer"":5}",10000000,1.5,【伴生雷球】改為一次生成 {count} 顆、觸發機率 ×{chanceMult}，且所有雷球與電球的傷害額外 +{pct}%,【伴生雷球】改為一次生成 {count} 顆、觸發機率 ×{chanceMult}，且所有雷球與電球的傷害額外 +{pct}%
thunderorb,,雷爆,,9,,thunderBurst,,,,12,,,,,,,,,,,,,300,,,,hit-lightning,,,"{""chance"":15,""chancePer"":0.15,""bounces"":4,""pct"":100,""pctPer"":10}",10000000,1.5,每次被雷球命中的敵人有 {chance}% 機率觸發 1 顆小型雷球，在附近 {m} 米範圍內彈射 {bounces} 次，每次造成 {pct}% 雷電傷害,每次被雷球命中的敵人有 {chance}% 機率觸發 1 顆小型雷球，在附近 {m} 米範圍內彈射 {bounces} 次，每次造成 {pct}% 雷電傷害
thunderorb,,雷殞天地碎,,10,,thunderfallShatter,,,,,,1,,,,,,,,,,,300,,,,,,,"{""scale"":50,""pct"":200,""pctPer"":20}",10000000,1.5,【雷殞天落】的雷殞石體積增大 {scale}%、傷害額外 +{pct}%，並額外每 {gap} 秒不斷再降下 1 顆,【雷殞天落】的雷殞石體積增大 {scale}%、傷害額外 +{pct}%，並額外每 {gap} 秒不斷再降下 1 顆
icearrow,寒冰箭,寒冰箭,❄️,1,0|450,,,30,,,,,,,,,,15,,magic,ice,15,40,cast-magic,,proj-ice-shard,hit-ice,,,"{""pct"":250,""pctPer"":25,""count"":2,""speed"":45}",100000,1.5,朝前方射出 {count} 支寒冰箭，每支箭夾角 {deg} 度（射程 {castM} 米、飛行速度 {speed} 米／秒），每支對 1 個敵人造成 {pct}% 寒冰傷害,朝前方射出 {count} 支寒冰箭，每支箭夾角 {deg} 度（射程 {castM} 米、飛行速度 {speed} 米／秒），每支對 1 個敵人造成 {pct}% 寒冰傷害
icearrow,寒冰箭,寒霜箭,❄️,2,0|500,,,,,,,,,,,,,,,magic,ice,15,40,,,,st-tick-ice,,,"{""frostPct"":50,""frostPctPer"":5,""stacks"":1}",200000,1.5,被寒冰箭擊中的敵人附加 {stacks} 層寒霜狀態：每跳造成寒冰箭傷害 {frostPct}% 的寒冰傷害，每層使移動與攻速下降，疊滿層數時凍結,被寒冰箭擊中的敵人附加 {stacks} 層寒霜狀態：每跳造成寒冰箭傷害 {frostPct}% 的寒冰傷害，每層使移動與攻速下降，疊滿層數時凍結
icearrow,寒冰箭,冰系強化,❄️,3,0|550,,,,,,,,,,,,,,,magic,ice,15,40,,,,,,,"{""pct"":100,""pctPer"":10}",400000,1.5,進一步強化寒冰箭，額外 +{pct}% 寒冰傷害（與第 1 階累加）,進一步強化寒冰箭，額外 +{pct}% 寒冰傷害（與第 1 階累加）
icearrow,寒冰箭,貫穿冰箭,❄️,4,0|600,,,,,10,2,,,,,,,,,magic,ice,15,40,,,proj-ice-shard,hit-ice,,,{},800000,1.5,寒冰箭改為貫穿攻擊，貫穿路徑上的所有敵人，貫穿長度 {m} 米（不足以打到主目標時自動延長到主目標）,寒冰箭改為貫穿攻擊，貫穿路徑上的所有敵人，貫穿長度 {m} 米（不足以打到主目標時自動延長到主目標）
icearrow,寒冰箭,冰箭散射,❄️,5,0|650,,,,,,,,,,,,,,,magic,ice,15,40,,,,,ground-homing-ice-shard,,"{""add"":1,""addPer"":0.1}",1500000,1.5,射出的寒冰箭數量額外 +{add} 支（不足 1 支的部分以機率觸發）,射出的寒冰箭數量額外 +{add} 支（不足 1 支的部分以機率觸發）
icearrow,寒冰箭,寒霜凍結,❄️,6,0|700,,,,,,,,,,,,,,,magic,ice,15,40,,,,,,,"{""stacks"":1,""stacksPer"":0.4}",3000000,1.5,寒冰箭射中帶寒霜狀態的敵人時，立即再疊 {stacks} 層寒霜，並造成該敵人寒霜剩餘的全部寒冰傷害（不足 1 層的部分以機率觸發）,寒冰箭射中帶寒霜狀態的敵人時，立即再疊 {stacks} 層寒霜，並造成該敵人寒霜剩餘的全部寒冰傷害（不足 1 層的部分以機率觸發）
icearrow,寒冰箭,寒冰爆裂箭,❄️,7,0|750,,,,,6,,0.1,,,,,,,,magic,ice,15,40,,burst-ice-blast,,hit-ice,,,"{""pct"":400,""pctPer"":40,""sec"":6,""chaseM"":30,""bodyM"":1.5,""waves"":3,""waveGap"":0.3}",5000000,1.5,寒冰爆裂箭連射 {waves} 波，每波間隔 {waveGap} 秒；寒冰箭變為追蹤冰箭，在 {chaseM} 米內來回穿梭追擊敵人 {sec} 秒（碰到才算一次命中）；敵人的凍結結束時產生冰爆，對其周圍 {m} 米內的所有敵人造成 {pct}% 寒冰傷害,寒冰爆裂箭連射 {waves} 波，每波間隔 {waveGap} 秒；寒冰箭變為追蹤冰箭，在 {chaseM} 米內來回穿梭追擊敵人 {sec} 秒（碰到才算一次命中）；敵人的凍結結束時產生冰爆，對其周圍 {m} 米內的所有敵人造成 {pct}% 寒冰傷害
icearrow,,極寒冰爆,,8,,absoluteZeroBurst,,,,,,,,,,,,,,,,,300,,,,,,,"{""waves"":10,""waveGap"":0.35,""pct"":50,""pctPer"":5}",10000000,1.5,【寒冰爆裂箭】改為每 {waveGap} 秒連射 {waves} 波，且寒冰箭傷害額外 +{pct}%,【寒冰爆裂箭】改為每 {waveGap} 秒連射 {waves} 波，且寒冰箭傷害額外 +{pct}%
icearrow,,無限冰裂,,9,,infiniteIceRift,,,,,,,,,,,,,,,,,300,,,,,,,"{""sec"":0.1,""count"":4,""countPer"":0.4}",10000000,1.5,寒冰箭每造成 1 次傷害就使寒冰箭的冷卻時間 -{sec} 秒，且每次發射的寒冰箭數量額外 +{count} 支（不足 1 支的部分以機率觸發）,寒冰箭每造成 1 次傷害就使寒冰箭的冷卻時間 -{sec} 秒，且每次發射的寒冰箭數量額外 +{count} 支（不足 1 支的部分以機率觸發）
icearrow,,冰之淚,,10,,tearsOfIce,,,,30,,0.35,,,,,,,,,,,300,,,proj-ice-shard,hit-ice,,,"{""waves"":10,""pct"":200,""pctPer"":20}",10000000,1.5,施放寒冰箭時同時召喚 {waves} 波寒冰箭雨從天射下（每波間隔 {gap} 秒），每波對我方 {m} 米內的所有敵人造成 {pct}% 寒冰傷害,施放寒冰箭時同時召喚 {waves} 波寒冰箭雨從天射下（每波間隔 {gap} 秒），每波對我方 {m} 米內的所有敵人造成 {pct}% 寒冰傷害
waterball,水流彈,水流彈,💧,1,0|500,,,30,,,,,,,,,,,,magic,ice,15,40,cast-magic,,proj-waterball,hit-ice,,,"{""pct"":200,""pctPer"":20,""arcM"":8}",100000,1.5,丟出一顆水彈砸向敵人（射程 {castM} 米、拋物線離地最高 {arcM} 米），造成 {pct}% 寒冰傷害,丟出一顆水彈砸向敵人（射程 {castM} 米、拋物線離地最高 {arcM} 米），造成 {pct}% 寒冰傷害
waterball,水流彈,寒冰逆轉,💧,2,0|550,,,,,,,,,,,,,,,magic,ice,15,40,,,,,,,"{""pct"":20,""pctPer"":2,""sec"":6}",200000,1.5,被水流彈擊中的敵人強制轉變為寒冰屬性，且受到的寒冰傷害 +{pct}%，持續 {sec} 秒,被水流彈擊中的敵人強制轉變為寒冰屬性，且受到的寒冰傷害 +{pct}%，持續 {sec} 秒
waterball,水流彈,寒流彈,💧,3,0|600,,,,,,,,,,,,,,,magic,ice,15,40,,,,,,,"{""frostPct"":50,""frostPctPer"":20,""stacks"":1}",400000,1.5,被水流彈擊中的敵人附加 {stacks} 層寒霜狀態：每跳造成水流彈傷害 {frostPct}% 的寒冰傷害,被水流彈擊中的敵人附加 {stacks} 層寒霜狀態：每跳造成水流彈傷害 {frostPct}% 的寒冰傷害
waterball,水流彈,寒流爆散,💧,4,0|650,,,,,8,,,,,,,,,,magic,ice,15,40,,burst-frost-nova,proj-waterball,hit-ice,,,"{""bounce"":2,""bouncePer"":0.2}",800000,1.5,水流彈改為範圍攻擊，對目標 {m} 米內的所有敵人造成傷害，並再彈射 {bounce} 次（不足 1 次的部分以機率觸發）,水流彈改為範圍攻擊，對目標 {m} 米內的所有敵人造成傷害，並再彈射 {bounce} 次（不足 1 次的部分以機率觸發）
waterball,水流彈,寒霜擴散,💧,5,0|700,,,,,10,,,,,,,,,,magic,ice,15,40,,,proj-ice-shard,hit-ice,,,"{""chance"":25,""chancePer"":2.5,""count"":1}",1500000,1.5,寒霜狀態每次作用時有 {chance}% 機率擴散至目標 {m} 米內的 {count} 個敵人,寒霜狀態每次作用時有 {chance}% 機率擴散至目標 {m} 米內的 {count} 個敵人
waterball,水流彈,三重流水,💧,6,0|750,,,,,,,,,,,,,,,magic,ice,15,40,,,,,,,"{""add"":1,""addPer"":0.2}",3000000,1.5,朝隨機目標額外丟出 {add} 顆水流彈（不足 1 顆的部分以機率觸發）,朝隨機目標額外丟出 {add} 顆水流彈（不足 1 顆的部分以機率觸發）
waterball,水流彈,水龍捲,💧,7,0|800,,,,,5,,0.35,,,,,,,,magic,ice,15,40,,,,,,field-water-tornado,"{""count"":4,""hits"":6,""pct"":100,""pctPer"":10,""side"":10,""frozen"":2}",5000000,1.5,額外在我方 {side}×{side} 米正方形的四個頂點召喚 {count} 道水龍捲（傷害半徑 {m} 米），每道造成連續 {hits} 段 {pct}% 寒冰傷害，且對凍結中的敵人傷害為 {frozen} 倍,額外在我方 {side}×{side} 米正方形的四個頂點召喚 {count} 道水龍捲（傷害半徑 {m} 米），每道造成連續 {hits} 段 {pct}% 寒冰傷害，且對凍結中的敵人傷害為 {frozen} 倍
waterball,,水牢天瀑,,8,,waterPrisonFall,,,,20,,,,,,,,,,,,,300,,,,,ground-domain-ice,,"{""atkRed"":50,""vuln"":100,""vulnPer"":10,""sec"":6}",10000000,1.5,施放水流彈時在周圍 {m} 米圍起一圈水牢獄：擋下由圈外射進來的遠程攻擊，圈內的敵人攻擊力 -{atkRed}%、受到的傷害 +{vuln}%，持續 {sec} 秒,施放水流彈時在周圍 {m} 米圍起一圈水牢獄：擋下由圈外射進來的遠程攻擊，圈內的敵人攻擊力 -{atkRed}%、受到的傷害 +{vuln}%，持續 {sec} 秒
waterball,,怒海狂濤,,9,,ragingTide,,,,20,,,,,,,,,,,,,300,,,,,ground-tornado-water,,"{""need"":10,""hits"":20,""pct"":100,""pctPer"":10}",10000000,1.5,場上同時有 {need} 道水龍捲時，在它們的中央再生成 1 道巨大水龍捲，對 {m} 米內的所有敵人造成連續 {hits} 段 {pct}% 寒冰傷害,場上同時有 {need} 道水龍捲時，在它們的中央再生成 1 道巨大水龍捲，對 {m} 米內的所有敵人造成連續 {hits} 段 {pct}% 寒冰傷害
waterball,,海淵葬界,,10,,abyssBurial,,,,30,,0.35,,,,,,,,,,,300,,,,st-tick-ice,ground-domain-ice,,"{""stacks"":10,""stacksPer"":1}",10000000,1.5,在周圍 {m} 米展開一道永久的水之領域：每 {gap} 秒對領域內的敵人施加寒霜狀態，且領域內的敵人可額外再疊 {stacks} 層寒霜,在周圍 {m} 米展開一道永久的水之領域：每 {gap} 秒對領域內的敵人施加寒霜狀態，且領域內的敵人可額外再疊 {stacks} 層寒霜
frostnova,冰霜新星,冰霜新星,🧊,1,0|550,,,12,,12,,,,,,,,,,magic,ice,15,40,cast-magic,burst-frost-nova,,hit-ice,,,"{""pct"":150,""pctPer"":5,""stacks"":2,""frostPct"":50}",100000,1.5,對周圍 {m} 米內的敵人釋放冰霜新星，造成 {pct}% 寒冰傷害並附加 {stacks} 層寒霜狀態（寒霜每跳造成新星傷害 {frostPct}% 的寒冰傷害）,對周圍 {m} 米內的敵人釋放冰霜新星，造成 {pct}% 寒冰傷害並附加 {stacks} 層寒霜狀態（寒霜每跳造成新星傷害 {frostPct}% 的寒冰傷害）
frostnova,冰霜新星,冰霜衝擊,🧊,2,0|600,,,13,0.6,13,0.6,,,,,,,,,magic,ice,15,40,,,,,,,"{""pct"":50,""pctPer"":5}",200000,1.5,冰霜新星的範圍擴展至 {m} 米，且寒冰傷害額外 +{pct}%,冰霜新星的範圍擴展至 {m} 米，且寒冰傷害額外 +{pct}%
frostnova,冰霜新星,寒冰體,🧊,3,0|650,,,,,,,,,,,,,,,magic,ice,15,40,,,,hit-ice,,,"{""stacks"":1}",400000,1.5,施放冰霜新星後的 6 秒內，攻擊你的敵人有 25% 機率被附加 {stacks} 層寒霜狀態,施放冰霜新星後的 6 秒內，攻擊你的敵人有 25% 機率被附加 {stacks} 層寒霜狀態
frostnova,冰霜新星,極致寒霜,🧊,4,0|700,,,,,,,,,,,,,,,magic,ice,15,40,,burst-frost-freeze,,hit-ice,,,"{""dmgPct"":40,""dmgPctPer"":4,""durPct"":40,""durPctPer"":4}",800000,1.5,所有來源的寒霜狀態傷害提高 {dmgPct}%，且持續時間增加 {durPct}%,所有來源的寒霜狀態傷害提高 {dmgPct}%，且持續時間增加 {durPct}%
frostnova,冰霜新星,三重新星,🧊,5,0|750,,,,,3,,,,,,,,,,magic,ice,15,40,,,,,,,"{""add"":1,""addPer"":0.1}",1500000,1.5,冰霜新星的施放次數額外 +{add} 次，且每次釋放的範圍再 +{m} 米（不足 1 次的部分以機率觸發）,冰霜新星的施放次數額外 +{add} 次，且每次釋放的範圍再 +{m} 米（不足 1 次的部分以機率觸發）
frostnova,冰霜新星,死亡新星,🧊,6,0|800,,,,,,,,,,,,,,,magic,ice,15,40,,,,,,,"{""chance"":35,""chancePer"":6.5}",3000000,1.5,帶寒霜狀態的敵人死亡時有 {chance}% 機率再釋放 1 次冰霜新星,帶寒霜狀態的敵人死亡時有 {chance}% 機率再釋放 1 次冰霜新星
frostnova,冰霜新星,暴風雪,🧊,7,0|850,,,,,,,0.4,,,,,,,,magic,ice,15,40,,,,,ground-blizzard,,"{""pct"":100,""pctPer"":10,""sec"":8,""side"":24}",5000000,1.5,額外召喚 1 道暴風雪籠罩天空，對 {side}×{side} 米範圍內的敵人每 {gap} 秒造成 {pct}% 寒冰傷害，暴風雪跟隨我方移動，持續 {sec} 秒,額外召喚 1 道暴風雪籠罩天空，對 {side}×{side} 米範圍內的敵人每 {gap} 秒造成 {pct}% 寒冰傷害，暴風雪跟隨我方移動，持續 {sec} 秒
frostnova,,無限新星,,8,,infiniteNova,,,,,,1,,,,,,,,,,,300,,,,,,,"{""pct"":50,""pctPer"":5}",10000000,1.5,每隔 {gap} 秒自動施放 1 次冰霜新星（不扣法力、不進冷卻），且冰霜新星傷害額外 +{pct}%,每隔 {gap} 秒自動施放 1 次冰霜新星（不扣法力、不進冷卻），且冰霜新星傷害額外 +{pct}%
frostnova,,極致之冰,,9,,crystalResonance,,,,8,,0.4,,,,,,,,,,,300,,,proj-ice-shard,hit-ice,,,"{""pct"":200,""pctPer"":20}",10000000,1.5,凍結中的敵人形成冰晶共鳴：每 {gap} 秒對相距 {m} 米內的其他凍結敵人造成 {pct}% 寒冰傷害,凍結中的敵人形成冰晶共鳴：每 {gap} 秒對相距 {m} 米內的其他凍結敵人造成 {pct}% 寒冰傷害
frostnova,,冰皇領域,,10,,iceKingDomain,,,,8,,1,,,,,,,,,,,300,,,,,ground-tornado-water,,"{""scale"":50,""min"":2,""max"":8,""hits"":4,""pct"":200,""pctPer"":20}",10000000,1.5,暴風雪的範圍擴大 {scale}%，且每 {gap} 秒在範圍內隨機 {min}～{max} 個目標的地面昇起冰錐，每根冰錐對周圍 {m} 米內的敵人造成連續 {hits} 段 {pct}% 寒冰傷害,暴風雪的範圍擴大 {scale}%，且每 {gap} 秒在範圍內隨機 {min}～{max} 個目標的地面昇起冰錐，每根冰錐對周圍 {m} 米內的敵人造成連續 {hits} 段 {pct}% 寒冰傷害
windblade,風刃,風刃,🍃,1,0|600,,4*8,30,,80,,,,,,,,,,magic,wind,15,40,cast-magic,,proj-wind-crescent,hit-wind,,,"{""pct"":200,""pctPer"":20,""speed"":18}",100000,1.5,朝前方射出一道弧形風刃（射程 {castM} 米、飛行速度 {speed} 米/秒），貫穿飛行路徑 {m} 米上的所有敵人，各造成 {pct}% 風系傷害,朝前方射出一道弧形風刃（射程 {castM} 米、飛行速度 {speed} 米/秒），貫穿飛行路徑 {m} 米上的所有敵人，各造成 {pct}% 風系傷害
windblade,風刃,巨型風刃,🍃,2,0|650,,4*8,,,,,,,,,,,,,magic,wind,15,40,,,,,,,"{""size"":30,""sizePer"":3}",200000,1.5,風刃的體積 +{size}%（判定範圍與特效同步放大）,風刃的體積 +{size}%（判定範圍與特效同步放大）
windblade,風刃,雙重風刃,🍃,3,0|700,,4*8,,,,,,,,,,,,,magic,wind,15,40,,,,,,,"{""pct"":30,""pctPer"":30}",400000,1.5,同時向前方與後方各射出一道風刃，且風刃傷害額外 +{pct}%（與第 1 階累加）,同時向前方與後方各射出一道風刃，且風刃傷害額外 +{pct}%（與第 1 階累加）
windblade,風刃,亂披風,🍃,4,0|750,,4*8,,,,,,,,,,,30,,magic,wind,15,40,,,proj-wind-crescent,hit-wind,,,"{""pct"":30,""pctPer"":3,""lenM"":3,""widthM"":6}",800000,1.5,風刃射出時同時朝其一側 {deg} 度發射 1 道小型風刃（體積 {lenM}×{widthM} 米、同樣貫穿全場），造成原風刃 {pct}% 的傷害,風刃射出時同時朝其一側 {deg} 度發射 1 道小型風刃（體積 {lenM}×{widthM} 米、同樣貫穿全場），造成原風刃 {pct}% 的傷害
windblade,風刃,追跡風刃,🍃,5,0|800,,4*8,,,,,0.1,,,,,,,,magic,wind,15,40,,,,hit-wind,ground-homing-wind-crescent,,"{""sec"":4,""secPer"":0.3,""chaseM"":30}",1500000,1.5,小型風刃不再向前射出，改為在 {chaseM} 米內隨機追擊敵人 {sec} 秒，對路徑上的所有敵人造成傷害（碰到才算一次命中）,小型風刃不再向前射出，改為在 {chaseM} 米內隨機追擊敵人 {sec} 秒，對路徑上的所有敵人造成傷害（碰到才算一次命中）
windblade,風刃,狂風碎裂,🍃,6,0|850,,4*8,,,6,,0.6,-0.03,,,,,,,magic,wind,15,40,,burst-wind,,hit-wind,,,"{""move"":60,""pct"":50}",3000000,1.5,風刃命中的敵人移動速度 -{move}%；風刃並在飛行途中每 {gap} 秒對半徑 {m} 米內的敵人造成風刃 {pct}% 的傷害（不含小型風刃）,風刃命中的敵人移動速度 -{move}%；風刃並在飛行途中每 {gap} 秒對半徑 {m} 米內的敵人造成風刃 {pct}% 的傷害（不含小型風刃）
windblade,風刃,暴風真空刃,🍃,7,0|900,,4*8,,,,,0.2,,,,,,,,magic,wind,15,40,,,,,,,"{""pct"":40,""pctPer"":40,""count"":2,""directions"":4}",5000000,1.5,改為朝前後左右 {directions} 個方向各連續射出 {count} 道風刃（每道間隔 {gap} 秒，小型風刃同步發射），且風刃傷害額外 +{pct}%,改為朝前後左右 {directions} 個方向各連續射出 {count} 道風刃（每道間隔 {gap} 秒，小型風刃同步發射），且風刃傷害額外 +{pct}%
windblade,,暴風萬刃,,8,,stormMyriad,,,,,,,,,,,,,,,,,300,,,,hit-wind,ground-homing-wind-crescent,,"{""pct"":50,""pctPer"":5,""add"":1,""chaseM"":60,""sec"":4}",10000000,1.5,大型風刃改為在 {chaseM} 米內持續追擊敵人 {sec} 秒，【暴風真空刃】每個方向再多射出 {add} 道風刃，且風刃傷害額外 +{pct}%,大型風刃改為在 {chaseM} 米內持續追擊敵人 {sec} 秒，【暴風真空刃】每個方向再多射出 {add} 道風刃，且風刃傷害額外 +{pct}%
windblade,,嵐之山,,9,,stormMountain,,,,,,,,,,,,,,,,,300,,,proj-wind-crescent,hit-wind,,,"{""pct"":100,""pctPer"":10,""directions"":4,""scale"":100}",10000000,1.5,【暴風真空刃】改為把該次所有大型與小型風刃融合，朝 {directions} 個方向各射出 1 道體積 +{scale}% 的巨型風刃，每道傷害為所融合風刃總和的 {pct}%,【暴風真空刃】改為把該次所有大型與小型風刃融合，朝 {directions} 個方向各射出 1 道體積 +{scale}% 的巨型風刃，每道傷害為所融合風刃總和的 {pct}%
windblade,,天穹崩裂,,10,,skyCollapse,,,,,,,,,,,,,,,,,300,,,,,,,"{""chance"":20,""pct"":50,""pctPer"":5}",10000000,1.5,風刃改為被動技能：受到攻擊時有 {chance}% 機率朝攻擊者射出一道風刃，且其傷害額外 +{pct}%,風刃改為被動技能：受到攻擊時有 {chance}% 機率朝攻擊者射出一道風刃，且其傷害額外 +{pct}%
vacuumslash,真空斬,真空斬,🌀,1,0|650,,,6,,6,,,,,,,,,,magic,wind,15,40,cast-magic,slash-wind-crescent,,hit-wind,,,"{""pct"":250,""pctPer"":25,""count"":3}",100000,1.5,朝前方 {m} 米範圍內的 {count} 名敵人揮出一道真空斬擊，造成 {pct}% 風系傷害,朝前方 {m} 米範圍內的 {count} 名敵人揮出一道真空斬擊，造成 {pct}% 風系傷害
vacuumslash,真空斬,真空爆震,🌀,2,0|700,,,,,,,,,,,,,,,magic,wind,15,40,,,,,,,"{""hits"":1,""hitsPer"":0.1}",200000,1.5,真空斬會爆發出震波，額外造成 {hits} 次傷害（不足 1 次的部分以機率觸發）,真空斬會爆發出震波，額外造成 {hits} 次傷害（不足 1 次的部分以機率觸發）
vacuumslash,真空斬,風切,🌀,3,0|750,,,,,,,0.5,,,,,,,,magic,wind,15,40,,,,,,,"{""cutPct"":50,""cutPctPer"":5,""move"":80,""hit"":50,""sec"":4}",400000,1.5,被真空斬擊中的敵人附加風切狀態：移動速度 -{move}%、命中率 -{hit}%，且每 {gap} 秒受到真空斬傷害 {cutPct}% 的風系傷害，持續 {sec} 秒,被真空斬擊中的敵人附加風切狀態：移動速度 -{move}%、命中率 -{hit}%，且每 {gap} 秒受到真空斬傷害 {cutPct}% 的風系傷害，持續 {sec} 秒
vacuumslash,真空斬,真空迴旋,🌀,4,0|800,,,,,6,,,,,,,,,,magic,wind,15,40,,slash-wind-spin,,hit-wind,,,"{""pct"":30,""pctPer"":3}",800000,1.5,真空斬改為對自身周圍 {m} 米內的所有敵人造成傷害，且造成的傷害額外 +{pct}%,真空斬改為對自身周圍 {m} 米內的所有敵人造成傷害，且造成的傷害額外 +{pct}%
vacuumslash,真空斬,真空三重奏,🌀,5,0|850,,,,,6,,,,,,,,,,magic,wind,15,40,,,,,,,"{""add"":2,""addPer"":0.2}",1500000,1.5,迴旋斬額外連續施展 {add} 次，每次的範圍再擴大 {m} 米（不足 1 次的部分以機率觸發）,迴旋斬額外連續施展 {add} 次，每次的範圍再擴大 {m} 米（不足 1 次的部分以機率觸發）
vacuumslash,真空斬,無限風切,🌀,6,0|900,,,,,,,,,,,,,,,magic,wind,15,40,,,,,,,"{""stacks"":3,""pct"":50,""pctPer"":5}",3000000,1.5,風切狀態可堆疊至 {stacks} 層，每多 1 層使風切每跳額外造成 {pct}% 的風系傷害,風切狀態可堆疊至 {stacks} 層，每多 1 層使風切每跳額外造成 {pct}% 的風系傷害
vacuumslash,真空斬,虛空斬,🌀,7,0|950,,,,,6,,,,,,,,,,magic,wind,15,40,,burst-wind,orb-void-disc,hit-wind,ground-orbit-ring-wind,,"{""pct"":400,""pctPer"":40,""count"":4,""sec"":6,""growM"":4,""bodyM"":6,""rps"":1}",5000000,1.5,額外斬出 {count} 道虛空斬擊：以自身為中心從半徑 {m} 米起每秒擴大 {growM} 米、{count} 道皆順時針繞行 {rps} 圈，對碰到的敵人造成 {pct}% 風系傷害，持續 {sec} 秒,額外斬出 {count} 道虛空斬擊：以自身為中心從半徑 {m} 米起每秒擴大 {growM} 米、{count} 道皆順時針繞行 {rps} 圈，對碰到的敵人造成 {pct}% 風系傷害，持續 {sec} 秒
vacuumslash,,萬象風劫,,8,,vacuumOmen,,,,,,0.25,,,,,,,,,,,300,,,,hit-wind,ground-homing-wind-crescent,,"{""chance"":15,""chancePer"":1.5,""pct"":100,""sec"":3,""grow"":2}",10000000,1.5,真空斬命中時有 {chance}% 機率在該處留下一道靜止的真空斬：持續 {sec} 秒、半徑隨時間擴大為 {grow} 倍，對碰到的敵人造成 {pct}% 風系傷害,真空斬命中時有 {chance}% 機率在該處留下一道靜止的真空斬：持續 {sec} 秒、半徑隨時間擴大為 {grow} 倍，對碰到的敵人造成 {pct}% 風系傷害
vacuumslash,,虛空滅界,,9,,voidAnnihilation,,,,,,2,,,,,,,,,,,300,,,,,,,"{""pct"":100,""pctPer"":10}",10000000,1.5,每 {gap} 秒自動斬出 1 道【虛空斬】，且虛空斬傷害額外 +{pct}%,每 {gap} 秒自動斬出 1 道【虛空斬】，且虛空斬傷害額外 +{pct}%
vacuumslash,,時空崩解,,10,,spacetimeCollapse,,,,12,,,,,,,,,,,,,300,,,,,,,"{""pct"":50,""pctPer"":5}",10000000,1.5,【虛空斬】不再向外擴展，改為全部固定在你周圍 {m} 米環繞，且持續時間額外 +{pct}%,【虛空斬】不再向外擴展，改為全部固定在你周圍 {m} 米環繞，且持續時間額外 +{pct}%
stormbarrier,暴風屏障,暴風屏障,🌪️,1,0|700,,,30,,,,0.5,,,,,,,,magic,wind,15,40,,,,,ground-storm-barrier,,"{""shield"":1,""shieldPer"":1,""red"":10,""redPer"":1,""sec"":8}",100000,1.5,對自身施加暴風屏障：每 {gap} 秒獲得最大生命 {shield}% 的護盾，且傷害減免 +{red}%（乘算，只與風系類型的減免相加總），持續 {sec} 秒,對自身施加暴風屏障：每 {gap} 秒獲得最大生命 {shield}% 的護盾，且傷害減免 +{red}%（乘算，只與風系類型的減免相加總），持續 {sec} 秒
stormbarrier,暴風屏障,暴風撕裂,🌪️,2,0|750,,,,,8,,,,,,,,,,magic,wind,15,40,,,,hit-wind,ground-storm-rip,,"{""pct"":50,""pctPer"":5}",200000,1.5,暴風屏障每次作用時，對自身半徑 {m} 米內的敵人造成 {pct}% 風系傷害,暴風屏障每次作用時，對自身半徑 {m} 米內的敵人造成 {pct}% 風系傷害
stormbarrier,暴風屏障,亂風切,🌪️,3,0|800,,,,,,,,,,,,,,,magic,wind,15,40,,,,hit-wind,,,"{""count"":1,""countPer"":0.1}",400000,1.5,暴風屏障每次作用時，對周圍的 {count} 個敵人附加風切狀態（不足 1 個的部分以機率觸發）,暴風屏障每次作用時，對周圍的 {count} 個敵人附加風切狀態（不足 1 個的部分以機率觸發）
stormbarrier,暴風屏障,暴風之刃,🌪️,4,0|850,,,,,,,,,,,,,,,magic,wind,15,40,,,proj-wind-crescent,hit-wind,,,"{""chance"":15,""chancePer"":1.5}",800000,1.5,暴風屏障作用中受到傷害時，有 {chance}% 機率射出 1 道貫穿風刃（【風刃】第 1 階的效果，不含其後續進化）,暴風屏障作用中受到傷害時，有 {chance}% 機率射出 1 道貫穿風刃（【風刃】第 1 階的效果，不含其後續進化）
stormbarrier,暴風屏障,風切擴散,🌪️,5,0|900,,,,,10,,,,,,,,,,magic,wind,15,40,,,proj-wind-crescent,hit-wind,,,"{""count"":1,""countPer"":0.1}",1500000,1.5,風切狀態結束後擴散至 {m} 米內的 {count} 個敵人（不足 1 個的部分以機率觸發）,風切狀態結束後擴散至 {m} 米內的 {count} 個敵人（不足 1 個的部分以機率觸發）
stormbarrier,暴風屏障,颶風屏障,🌪️,6,0|950,,,,,,,,,,,,,,,magic,wind,15,40,,,,,,,"{""shield"":2,""shieldPer"":0.2}",3000000,1.5,暴風屏障每次作用時額外獲得最大生命 {shield}% 的護盾（與第 1 階相加）,暴風屏障每次作用時額外獲得最大生命 {shield}% 的護盾（與第 1 階相加）
stormbarrier,暴風屏障,暴風神體,🌪️,7,0|1000,,,,,,,,,,,,,,,magic,wind,15,40,,,,,ground-storm-god,,"{""red"":99,""sec"":2,""secPer"":0.2,""pct"":100,""pctPer"":10}",5000000,1.5,施放暴風屏障時同時召喚風暴之神附體：{sec} 秒內傷害減免 +{red}%，且自身的風系傷害額外 ×(1+{pct}%),施放暴風屏障時同時召喚風暴之神附體：{sec} 秒內傷害減免 +{red}%，且自身的風系傷害額外 ×(1+{pct}%)
stormbarrier,,瓦爾格之力,,8,,valgrForce,,,,,,,,,,,,,,,,,300,,,,,,,"{""sec"":50,""secPer"":5,""red"":0.1,""redPer"":0.1,""pct"":50,""pctPer"":5}",10000000,1.5,召喚風之神祇降臨：【暴風神體】的持續時間 +{sec}%、傷害減免再 +{red}%，且自身風系傷害額外 +{pct}%,召喚風之神祇降臨：【暴風神體】的持續時間 +{sec}%、傷害減免再 +{red}%，且自身風系傷害額外 +{pct}%
stormbarrier,,天穹崩裂,,9,,skyfallStars,,,,8,,2,,,,,,,,,,,300,,burst-fire-shockwave,proj-meteor,hit-fire-explosion,mark-red,,"{""min"":1,""max"":3,""maxPer"":0.3,""pct"":400,""pctPer"":40}",10000000,1.5,每 {gap} 秒從天上落下 {min}～{max} 個召喚星體（巨大風刃／雷殞石／火殞石隨機，不足 1 個的部分以機率觸發），每個對落點 {m} 米內的敵人造成 {pct}% 傷害,每 {gap} 秒從天上落下 {min}～{max} 個召喚星體（巨大風刃／雷殞石／火殞石隨機，不足 1 個的部分以機率觸發），每個對落點 {m} 米內的敵人造成 {pct}% 傷害
stormbarrier,,森羅萬象,,10,,myriadPhenomena,,,,,,,,,,,,,,,,,300,,burst-wind,orb-void-disc,hit-wind,ground-orbit-ring-wind,,"{""pct"":50,""pctPer"":5}",10000000,1.5,施放暴風屏障時同時打出【暴風真空刃】與【虛空斬】，且這兩者的傷害額外 +{pct}%,施放暴風屏障時同時打出【暴風真空刃】與【虛空斬】，且這兩者的傷害額外 +{pct}%
