id,系統分類,標籤,解鎖等級,名稱,icon圖號,冷卻,說明文字,基礎fx(JSON),完整描述
velocityForce,potential,,1,極速之力,⚡,60,突破速度極限，攻速掙脫 5 次/秒的枷鎖，能達到什麼程度端看你的領悟。,"{""type"":""active"",""base"":0,""per"":5,""dur"":6,""mech"":""aspd"",""en"":""Velocity Force"",""desc"":""在 6 秒內突破速度極限——你的攻速在此刻可以突破 5 次/秒的限制、直抵無限，至於能達到什麼程度，得看你的領悟了。每級 +5% 攻速加成。""}","效果：在 6 秒內突破速度極限——你的攻速在此刻可以突破 5 次/秒的限制、直抵無限，至於能達到什麼程度，得看你的領悟了。每級 +5% 攻速加成。
說明：突破速度極限，攻速掙脫 5 次/秒的枷鎖，能達到什麼程度端看你的領悟。"
lightningOverdrive,potential,lightning,1,雷霆過載,🌩️,45,過載的雷能在敵群間肆意跳躍，愈是激烈愈難止息。,"{""type"":""active"",""base"":100,""per"":5,""atkBase"":70000,""atkPer"":4000,""bounces"":5,""dur"":8,""dmgType"":""magic"",""mech"":""chainLightning"",""en"":""Lightning Overdrive"",""desc"":""雷霆過載，萬雷臨世——凝聚過載雷能轟落敵陣，造成大量電屬性魔法傷害並於敵群間彈跳撕裂，持續時間內每一秒皆再度轟落；其間雷能縈繞不散，雷電傷害大幅提升，愈戰愈烈、生生不息。""}","效果：雷霆過載，萬雷臨世——凝聚過載雷能轟落敵陣，造成大量電屬性魔法傷害並於敵群間彈跳撕裂，持續時間內每一秒皆再度轟落；其間雷能縈繞不散，雷電傷害大幅提升，愈戰愈烈、生生不息。
說明：過載的雷能在敵群間肆意跳躍，愈是激烈愈難止息。"
chronoCollapse,potential,,1,時間坍縮,🕳️,75,此技能對自身冷卻不生效，但冷卻縮減仍可作用於它。,"{""type"":""active"",""base"":0,""per"":0.2,""dur"":3,""mech"":""cdrUncap"",""en"":""Chronostasis"",""desc"":""打破時空的禁錮——冷卻縮減自此突破 60% 的天塹，所有技能的冷卻如坍縮的星辰般急速消融，持續 3 秒。每級額外 −0.2% 冷卻。（不縮減自身冷卻，但仍受一般冷卻縮減加成）""}","效果：打破時空的禁錮——冷卻縮減自此突破 60% 的天塹，所有技能的冷卻如坍縮的星辰般急速消融，持續 3 秒。每級額外 −0.2% 冷卻。（不縮減自身冷卻，但仍受一般冷卻縮減加成）
說明：此技能對自身冷卻不生效，但冷卻縮減仍可作用於它。"
absoluteSanctuary,potential,,1,絕對領域,🛡️,75,在絕對的領域中，任何傷害都無法觸及你分毫。,"{""type"":""active"",""base"":0.5,""per"":0.025,""mech"":""invuln"",""en"":""Absolute Sanctuary"",""desc"":""降臨絕對的領域，展開無敵結界——其間免疫一切傷害與負面效果，任何攻擊都無法觸及你分毫。基礎 0.5 秒，每級 +0.025 秒。""}","效果：降臨絕對的領域，展開無敵結界——其間免疫一切傷害與負面效果，任何攻擊都無法觸及你分毫。基礎 0.5 秒，每級 +0.025 秒。
說明：在絕對的領域中，任何傷害都無法觸及你分毫。"
lastStandUndying,potential,,1,不屈意志,💀,90,意志不屈者，縱使命懸一線也絕不倒下。（此技能不受冷卻縮減影響）,"{""type"":""passiveTrigger"",""base"":0,""per"":0.4,""mech"":""undyingGuard"",""en"":""Last Undying Stand"",""desc"":""意志不屈者，縱使命懸一線亦絕不倒下——受到致命傷害時免除死亡，並獲得 1 秒無敵。觸發後進入冷卻，每級 −0.4 秒。（不受冷卻縮減影響）""}","效果：意志不屈者，縱使命懸一線亦絕不倒下——受到致命傷害時免除死亡，並獲得 1 秒無敵。觸發後進入冷卻，每級 −0.4 秒。（不受冷卻縮減影響）
說明：意志不屈者，縱使命懸一線也絕不倒下。（此技能不受冷卻縮減影響）"
timeBarrier,potential,,1,時間結界,⏱️,45,結界之內，敵人的時間被無情拖曳。,"{""type"":""active"",""base"":0,""per"":1,""dur"":8,""mech"":""enemySlow"",""en"":""Time Barrier"",""desc"":""編織拖曳時光的結界，敵人的動作被無情延緩，攻速大幅降低，持續 8 秒。每級敵人攻速 −1%。（敵降低後攻速 = 原攻速 /(1+降低%)）""}","效果：編織拖曳時光的結界，敵人的動作被無情延緩，攻速大幅降低，持續 8 秒。每級敵人攻速 −1%。（敵降低後攻速 = 原攻速 /(1+降低%)）
說明：結界之內，敵人的時間被無情拖曳。"
dualCoreFusion,potential,,1,混沌雙修,☯️,,雙核交融，物理與魔法在你手中不再涇渭分明。,"{""type"":""passive"",""base"":0,""per"":0.6,""mech"":""crossCore"",""en"":""Dual-Core Fusion"",""desc"":""雙核交融，物理與魔法的界限就此崩解——雷霆過載的雷擊額外承載物攻之威。每級 +0.6%。""}","效果：雙核交融，物理與魔法的界限就此崩解——雷霆過載的雷擊額外承載物攻之威。每級 +0.6%。
說明：雙核交融，物理與魔法在你手中不再涇渭分明。"
omegaImpact,potential,,1,必殺一擊,🎯,60,爆擊率愈高，這一擊便愈是毀天滅地。,"{""type"":""active"",""base"":100,""per"":3,""dmgType"":""phys"",""mech"":""omega"",""en"":""Omega Impact"",""desc"":""凝聚全身之力於一擊，依你的爆擊率轟出毀天滅地的必殺——造成「爆擊率% × 必殺傷害加成%」的物理傷害；爆擊率愈高，此擊愈是無可匹敵。必殺傷害加成 = 100% + 每級 +3%。""}","效果：凝聚全身之力於一擊，依你的爆擊率轟出毀天滅地的必殺——造成「爆擊率% × 必殺傷害加成%」的物理傷害；爆擊率愈高，此擊愈是無可匹敵。必殺傷害加成 = 100% + 每級 +3%。
說明：爆擊率愈高，這一擊便愈是毀天滅地。"
sacredInversion,potential,light,1,聖療逆轉,✨,45,滿溢的聖光既能療癒自身，亦能化為裁決敵人的利刃。,"{""type"":""active"",""base"":0,""per"":0.5,""dur"":6,""mech"":""sacredInvert"",""en"":""Sacred Inversion"",""desc"":""聖療之光賜福於身，生命與法力回復大幅提升；滿溢的療癒之力逆轉為裁決，化作同等傷害傾瀉於敵，持續 6 秒。每級 +0.5%。""}","效果：聖療之光賜福於身，生命與法力回復大幅提升；滿溢的療癒之力逆轉為裁決，化作同等傷害傾瀉於敵，持續 6 秒。每級 +0.5%。
說明：滿溢的聖光既能療癒自身，亦能化為裁決敵人的利刃。"
chronosStasis,potential,,1,時空凝滯,🌀,120,唯有獲得神之賜福者，方能在凝滯的時空中行動自如。,"{""type"":""active"",""base"":40,""per"":0.5,""dur"":8,""mech"":""timeStop"",""en"":""Chronos Stasis"",""desc"":""封鎖周遭的時空，令萬物靜止——唯有承神之賜福者能自由行動；凝滯之間你的所有傷害大幅提升，敵人動彈不得，持續 8 秒。每級 +0.5% 所有傷害。""}","效果：封鎖周遭的時空，令萬物靜止——唯有承神之賜福者能自由行動；凝滯之間你的所有傷害大幅提升，敵人動彈不得，持續 8 秒。每級 +0.5% 所有傷害。
說明：唯有獲得神之賜福者，方能在凝滯的時空中行動自如。"
